Candidate,Constituency,Criminal Case,Education,Assets,Liabilities,Party,Total Assets
Meghwal Nagshi Khamubhai,ABDASA,0,5th Pass,955000, 0,BSP,"Rs 9,55,000 ~ 9 Lacs+"
Mamubhai Mandabhai Rabari,ABDASA,0,8th Pass,1192000, 600000,IND,"Rs 11,92,000 ~ 11 Lacs+"
K. D. Jadeja,ABDASA,0,Graduate,1430000, 0,Praja Vijay Paksh,"Rs 14,30,000 ~ 14 Lacs+"
Uthar Razak Alimamad,ABDASA,1,Graduate,1561000, 300000,IND,"Rs 15,61,000 ~ 15 Lacs+"
Bhanushali Suresh Manji Mange,ABDASA,0,8th Pass,2319200, 0,IND,"Rs 23,19,200 ~ 23 Lacs+"
Vasantbhai Valji Khetani,ABDASA,1,8th Pass,3167778, 0,AAP,"Rs 31,67,778 ~ 31 Lacs+"
Jat Mamad Jung,ABDASA,0,Literate,3397899, 300000,INC,"Rs 33,97,899 ~ 33 Lacs+"
Joshi Jagdishchandra Kakulal,ABDASA,0,10th Pass,12592758, 0,SP,"Rs 1,25,92,758 ~ 1 Crore+"
Jadeja Pradhyumansinh Mahipatsinh,ABDASA,0,Literate,13023913, 1580000,BJP,"Rs 1,30,23,913 ~ 1 Crore+"
Hakumatsinh Juvansinh Jadeja,ABDASA,0,Graduate,28638807, 2019422,IND,"Rs 2,86,38,807 ~ 2 Crore+"
Ravi Dhanani,AMRELI,0,Graduate,1028500, 200000,AAP,"Rs 10,28,500 ~ 10 Lacs+"
Vinubhai Chavada,AMRELI,0,5th Pass,2052000, 100000,IND,"Rs 20,52,000 ~ 20 Lacs+"
Gohil Mukeshbhai Khimajibhai,AMRELI,0,12th Pass,7131888, 0,Vyavastha Parivartan Party,"Rs 71,31,888 ~ 71 Lacs+"
Dhanani Pareshkumar Dhirajlal,AMRELI,0,Graduate,19453081, 100000,INC,"Rs 1,94,53,081 ~ 1 Crore+"
Kaushik Kantibhai Vekariya,AMRELI,0,Graduate,35690630, 0,BJP,"Rs 3,56,90,630 ~ 3 Crore+"
Ramesh Jakharabhai Kodecha,ANJAR,0,5th Pass,70387, 0,IND,"Rs 70,387 ~ 70 Thou+"
Chavda Sudha Bakul,ANJAR,0,Graduate Professional,485000, 0,BSP,"Rs 4,85,000 ~ 4 Lacs+"
Roshanali Ibrahim Sandhani,ANJAR,0,5th Pass,845850, 70000,SDPI,"Rs 8,45,850 ~ 8 Lacs+"
Arjanbhai Chanabhai Rabari,ANJAR,0,Literate,3696500, 1185000,AAP,"Rs 36,96,500 ~ 36 Lacs+"
Kakal Ganibhai Adambhai,ANJAR,2,8th Pass,5600000, 2243357,Gujarat Sarva Samaj Party,"Rs 56,00,000 ~ 56 Lacs+"
Chhanga Trikam Bijal,ANJAR,0,Graduate Professional,9931399, 499406,BJP,"Rs 99,31,399 ~ 99 Lacs+"
Dangar Rameshbhai Shamjibhai,ANJAR,1,5th Pass,28503885, 8603096,INC,"Rs 2,85,03,885 ~ 2 Crore+"
Jitendrasingh Rajawat,ANKLESHWAR,0,10th Pass,5742378, 1200000,Praja Vijay Paksh,"Rs 57,42,378 ~ 57 Lacs+"
Ankurkumar Laxmanbhai Patel,ANKLESHWAR,0,Others,17414200, 2000000,AAP,"Rs 1,74,14,200 ~ 1 Crore+"
Vijaysinh Thakorbhai Patel (Vallabhdas),ANKLESHWAR,2,Graduate,26357525, 514286,INC,"Rs 2,63,57,525 ~ 2 Crore+"
Ishwarsinh Thakorbhai Patel,ANKLESHWAR,0,Graduate,47887600, 7420975,BJP,"Rs 4,78,87,600 ~ 4 Crore+"
Rathod Dineshkumar Lallubhai,BARDOLI (SC),0,8th Pass,719877, 0,IND,"Rs 7,19,877 ~ 7 Lacs+"
Sushilaben Rameshbhai Wagh,BARDOLI (SC),0,Graduate Professional,15075000, 566000,BSP,"Rs 1,50,75,000 ~ 1 Crore+"
Rajendraprasad Solanki Alias Raju Morthana,BARDOLI (SC),0,Others,17369741, 1174098,AAP,"Rs 1,73,69,741 ~ 1 Crore+"
Ishvarbhai Alias Anilbhai Ramanbhai Parmar,BARDOLI (SC),0,10th Pass,21655555, 2577012,BJP,"Rs 2,16,55,555 ~ 2 Crore+"
Pannaben Anilbhai Patel,BARDOLI (SC),0,10th Pass,22652891, 0,INC,"Rs 2,26,52,891 ~ 2 Crore+"
Mansuri Sahilhushen Ismailbhai,BHARUCH,0,8th Pass,14000, 0,IND,"Rs 14,000 ~ 14 Thou+"
Mirza Abidbeg Yasinbeg,BHARUCH,0,Literate,58500, 8100,IND,"Rs 58,500 ~ 58 Thou+"
Vasava Sureshbhai Gordhandas,BHARUCH,0,5th Pass,2027000, 0,IND,"Rs 20,27,000 ~ 20 Lacs+"
Vasava Bhagatsinh Jesingbhai,BHARUCH,0,Graduate Professional,3620120, 478000,IND,"Rs 36,20,120 ~ 36 Lacs+"
Manharbhai Maganbhai Parmar,BHARUCH,0,12th Pass,13900000, 525000,AAP,"Rs 1,39,00,000 ~ 1 Crore+"
Rameshbhai Narandas Mistry,BHARUCH,2,10th Pass,18600244, 0,BJP,"Rs 1,86,00,244 ~ 1 Crore+"
Jaykantbhai Bahecharbhai Patel,BHARUCH,0,5th Pass,38954297, 800000,INC,"Rs 3,89,54,297 ~ 3 Crore+"
Harsh Jagdishbhai Goklani,BHAVNAGAR EAST,0,12th Pass,204677, 0,IND,"Rs 2,04,677 ~ 2 Lacs+"
Baldev Mavjibhai Solanki,BHAVNAGAR EAST,0,Graduate,732539, 0,INC,"Rs 7,32,539 ~ 7 Lacs+"
Dharamshibhai Ramjibhai Dhapa,BHAVNAGAR EAST,4,10th Pass,3040000, 110000,Vyavastha Parivartan Party,"Rs 30,40,000 ~ 30 Lacs+"
Kishorsinh Bhartsinh Gohil,BHAVNAGAR EAST,2,12th Pass,3910000, 2240000,BSP,"Rs 39,10,000 ~ 39 Lacs+"
Sejalben Rajivkumar Pandya,BHAVNAGAR EAST,0,Graduate,4305247, 0,BJP,"Rs 43,05,247 ~ 43 Lacs+"
Arun Mehta,BHAVNAGAR EAST,0,Graduate,4310000, 0,CPI(M),"Rs 43,10,000 ~ 43 Lacs+"
Hamir Rathod (Master),BHAVNAGAR EAST,4,Graduate,11036312, 5557562,AAP,"Rs 1,10,36,312 ~ 1 Crore+"
Mrudangrajsinh Mulrajsinh Chudasama,BHAVNAGAR EAST,0,Graduate Professional,29245000, 2600000,Right to Recall Party,"Rs 2,92,45,000 ~ 2 Crore+"
Parmar Rajeshkumar P.,BHAVNAGAR RURAL,0,12th Pass,57500, 0,Rashtriya Hind Ekta Dal,"Rs 57,500 ~ 57 Thou+"
Makwana Ashokbhai Gobarbhai,BHAVNAGAR RURAL,0,8th Pass,785000, 0,BSP,"Rs 7,85,000 ~ 7 Lacs+"
Hemantsinh Karansinh Gohil(Hembha),BHAVNAGAR RURAL,0,Literate,3057969, 0,IND,"Rs 30,57,969 ~ 30 Lacs+"
Gohil Khumansinh Natubha,BHAVNAGAR RURAL,0,8th Pass,3394500, 20000,AAP,"Rs 33,94,500 ~ 33 Lacs+"
Gohil Revatsinh Batukbha(Hoidad),BHAVNAGAR RURAL,0,12th Pass,27201225, 13849115,INC,"Rs 2,72,01,225 ~ 2 Crore+"
Parshottambhai O. Solanki,BHAVNAGAR RURAL,3,Others,535208999, 89317000,BJP,"Rs 53,52,08,999 ~ 53 Crore+"
Jayaben Mehulbhai Boricha,BHAVNAGAR WEST,0,8th Pass,3000, 0,IND,"Rs 3,000 ~ 3 Thou+"
Solanki Savitaben Rameshbhai,BHAVNAGAR WEST,0,Illiterate,12000, 0,IND,"Rs 12,000 ~ 12 Thou+"
Shekh Yunusbhai Mohamedzakariya,BHAVNAGAR WEST,0,12th Pass,31000, 0,CPI,"Rs 31,000 ~ 31 Thou+"
Solanki Rajeshbhai Shantilal,BHAVNAGAR WEST,0,Literate,51808, 0,IND,"Rs 51,808 ~ 51 Thou+"
Gopal Najabhai Boliya,BHAVNAGAR WEST,1,10th Pass,70000, 3526,IND,"Rs 70,000 ~ 70 Thou+"
Manharbhai Kanjibhai Rathod,BHAVNAGAR WEST,5,10th Pass,120000, 53264,CPI(M),"Rs 1,20,000 ~ 1 Lacs+"
Rathod Ashokbhai Gambhirbhai,BHAVNAGAR WEST,0,5th Pass,163609, 122700,IND,"Rs 1,63,609 ~ 1 Lacs+"
Yasminben Dilavrbhai Malek,BHAVNAGAR WEST,0,5th Pass,350200, 0,IND,"Rs 3,50,200 ~ 3 Lacs+"
Sarfraj Rustambhai Kureshi,BHAVNAGAR WEST,0,10th Pass,406000, 64091,IND,"Rs 4,06,000 ~ 4 Lacs+"
Dineshbhai Lakhabhai Rathod,BHAVNAGAR WEST,0,Literate,560000, 0,BSP,"Rs 5,60,000 ~ 5 Lacs+"
Mansukhbhai Malubhai Solanki,BHAVNAGAR WEST,0,Literate,605379, 293615,IND,"Rs 6,05,379 ~ 6 Lacs+"
Rajenbhai Shankarbhai Solanki,BHAVNAGAR WEST,0,12th Pass,2040191, 100000,AAP,"Rs 20,40,191 ~ 20 Lacs+"
Baraiya Gobarbhai Kanjibhai,BHAVNAGAR WEST,1,Literate,4533000, 65000,Vyavastha Parivartan Party,"Rs 45,33,000 ~ 45 Lacs+"
Jitendrabhai Savajibhai Vaghani,BHAVNAGAR WEST,4,Graduate Professional,85281993, 21664960,BJP,"Rs 8,52,81,993 ~ 8 Crore+"
Kishorsinh Kumbhajibhai Gohil,BHAVNAGAR WEST,2,10th Pass,97241006, 9833207,INC,"Rs 9,72,41,006 ~ 9 Crore+"
Mehulraj Bharatsinh Rathod,BHUJ,0,8th Pass,54000, 106000,Praja Vijay Paksh,"Rs 54,000 ~ 54 Thou+"
Saiyad Jusabsha Mamadsha,BHUJ,0,5th Pass,309000, 0,BSP,"Rs 3,09,000 ~ 3 Lacs+"
Bhupendra Babulal Joshi,BHUJ,0,5th Pass,340261, 75000,IND,"Rs 3,40,261 ~ 3 Lacs+"
Node Kasam Mohammad,BHUJ,0,5th Pass,457952, 0,Right to Recall Party,"Rs 4,57,952 ~ 4 Lacs+"
Osman Ishabhai Kumbhar,BHUJ,0,Illiterate,565000, 0,IND,"Rs 5,65,000 ~ 5 Lacs+"
Sakil Mahamad Sama,BHUJ,1,12th Pass,1146000, 500000,All India Majlis-E-Ittehadul Muslimeen,"Rs 11,46,000 ~ 11 Lacs+"
Theba Husen Mamad,BHUJ,0,Literate,2125000, 577620,IND,"Rs 21,25,000 ~ 21 Lacs+"
Rajesh Kesara Pindoria,BHUJ,0,12th Pass,5384870, 964669,AAP,"Rs 53,84,870 ~ 53 Lacs+"
Arjan Bhudiya,BHUJ,1,8th Pass,24260519, 1240000,INC,"Rs 2,42,60,519 ~ 2 Crore+"
Keshubhai Shivdas Patel,BHUJ,0,5th Pass,63392215, 1024000,BJP,"Rs 6,33,92,215 ~ 6 Crore+"
Khambhaliya Kishorbhai Ramnikbhai,BOTAD,0,Literate,55000, 0,IND,"Rs 55,000 ~ 55 Thou+"
Meghjibhai Vithalbhai Talsaniya,BOTAD,0,5th Pass,100000, 0,IND,"Rs 1,00,000 ~ 1 Lacs+"
Chauhan Kamleshbhai Arjanbhai,BOTAD,1,5th Pass,146000, 950000,Vyavastha Parivartan Party,"Rs 1,46,000 ~ 1 Lacs+"
Dhadhal Amirajsinh Jagubhai,BOTAD,1,10th Pass,150000, 0,Praja Vijay Paksh,"Rs 1,50,000 ~ 1 Lacs+"
Bavaliya Jayeshbhai Bhagvanbhai,BOTAD,0,5th Pass,810000, 0,IND,"Rs 8,10,000 ~ 8 Lacs+"
Chauhan Champaben Zaverbhai,BOTAD,0,Post Graduate,950000, 0,IND,"Rs 9,50,000 ~ 9 Lacs+"
Chauhan Mulshankarbhai Raghurambhai,BOTAD,0,10th Pass,1009101, 40000,BSP,"Rs 10,09,101 ~ 10 Lacs+"
Mithapara Mukeshkumar Babubhai,BOTAD,0,Post Graduate,2084679, 0,IND,"Rs 20,84,679 ~ 20 Lacs+"
Alpabala Dilipkumar Sabva,BOTAD,0,Post Graduate,4152619, 1672101,IND,"Rs 41,52,619 ~ 41 Lacs+"
Makwana Umeshbhai Naranbhai,BOTAD,0,Graduate Professional,8517847, 2803689,AAP,"Rs 85,17,847 ~ 85 Lacs+"
Patel Sanjaybhai Jadavbhai,BOTAD,0,12th Pass,15536500, 280000,IND,"Rs 1,55,36,500 ~ 1 Crore+"
Moradiya Niteshbhai Purushotambhai,BOTAD,0,12th Pass,36463570, 3183500,Right to Recall Party,"Rs 3,64,63,570 ~ 3 Crore+"
Ghanshyambhai Pragjibhai Virani,BOTAD,0,10th Pass,45886128, 1216539,BJP,"Rs 4,58,86,128 ~ 4 Crore+"
Manharbhai Nagajibhai Patel,BOTAD,0,10th Pass,76707085, 5069265,INC,"Rs 7,67,07,085 ~ 7 Crore+"
Juber Kashim Ansari,CHORYASI,0,Illiterate,100151, 0,SP,"Rs 1,00,151 ~ 1 Lacs+"
Malkhan Ramkishor Varma,CHORYASI,0,8th Pass,127000, 35000,BSP,"Rs 1,27,000 ~ 1 Lacs+"
Shekh Sheru,CHORYASI,1,Illiterate,144500, 76000,IND,"Rs 1,44,500 ~ 1 Lacs+"
Mansuri Aaisha,CHORYASI,0,Literate,418000, 1748710,Log Party,"Rs 4,18,000 ~ 4 Lacs+"
Sattar Pinjari,CHORYASI,0,12th Pass,845000, 462000,IND,"Rs 8,45,000 ~ 8 Lacs+"
Prajapati Roshanlal Pyarelal,CHORYASI,0,5th Pass,1110000, 0,National Maha Sabha Party,"Rs 11,10,000 ~ 11 Lacs+"
Rabari Motibhai Varshibhai,CHORYASI,0,5th Pass,1494856, 558176,Rashtriya Samaj Paksha,"Rs 14,94,856 ~ 14 Lacs+"
Arun Pathak (Gabbar),CHORYASI,4,Others,1917542, 0,IND,"Rs 19,17,542 ~ 19 Lacs+"
Vasava Vinodkumar,CHORYASI,0,Post Graduate,3918800, 62000,Gana Suraksha Party,"Rs 39,18,800 ~ 39 Lacs+"
Chavada Hiteshbhai,CHORYASI,0,Graduate,4840838, 1300000,Sarvodaya Bharat Party,"Rs 48,40,838 ~ 48 Lacs+"
Kantilal Nanubhai Patel,CHORYASI,0,12th Pass,34123950, 2586055,INC,"Rs 3,41,23,950 ~ 3 Crore+"
Sandip Desai,CHORYASI,0,12th Pass,95186681, 1709732,BJP,"Rs 9,51,86,681 ~ 9 Crore+"
Prakashbhai Vinodbhai Contractor,CHORYASI,1,Graduate,136918764, 0,AAP,"Rs 13,69,18,764 ~ 13 Crore+"
Madhar Vinubhai Ramjibhai,CHOTILA,0,5th Pass,75000, 0,IND,"Rs 75,000 ~ 75 Thou+"
Rathod Valjibhai Becharbhai,CHOTILA,0,Literate,680000, 0,IND,"Rs 6,80,000 ~ 6 Lacs+"
Jayesh Hansrajbhai Thakor(Tamboliya),CHOTILA,2,10th Pass,1385000, 2000000,IND,"Rs 13,85,000 ~ 13 Lacs+"
Jigneshkumar Malakiya,CHOTILA,0,Post Graduate,1434856, 373982,IND,"Rs 14,34,856 ~ 14 Lacs+"
Raydhanbhai Gandabhai Kumarkhaniya,CHOTILA,0,5th Pass,3207287, 0,IND,"Rs 32,07,287 ~ 32 Lacs+"
Karpada Rajubhai Merambhai,CHOTILA,3,Graduate Professional,6104712, 2497123,AAP,"Rs 61,04,712 ~ 61 Lacs+"
Bhimabhai Popatbhai Dabhi,CHOTILA,0,Illiterate,7843000, 0,BSP,"Rs 78,43,000 ~ 78 Lacs+"
Makwana Rutvikbhai Lavjibhai,CHOTILA,0,Graduate Professional,13177302, 6300000,INC,"Rs 1,31,77,302 ~ 1 Crore+"
Chauhan Shamajibhai Bhimajibhai,CHOTILA,0,10th Pass,30711771, 3000000,BJP,"Rs 3,07,11,771 ~ 3 Crore+"
Aestarben Kesharbhai Pawar,DANGS (ST),0,10th Pass,210000, 0,IND,"Rs 2,10,000 ~ 2 Lacs+"
Nileshbhai Shivajibhai Zambare,DANGS (ST),1,5th Pass,684800, 0,Bhartiya Tribal Party,"Rs 6,84,800 ~ 6 Lacs+"
Gamit Sunilbhai Chandubhai,DANGS (ST),0,Post Graduate,1478127, 365220,AAP,"Rs 14,78,127 ~ 14 Lacs+"
Patel Mukeshbhai Chandarbhai,DANGS (ST),0,Others,9717340, 705891,INC,"Rs 97,17,340 ~ 97 Lacs+"
Sangitaben Maheshbhai Ahire,DANGS (ST),0,5th Pass,13566747, 716000,BSP,"Rs 1,35,66,747 ~ 1 Crore+"
Vijaybhai Rameshbhai Patel,DANGS (ST),0,10th Pass,19913199, 4412692,BJP,"Rs 1,99,13,199 ~ 1 Crore+"
Solanki Kisanbhai Vajubhai,DASADA (SC),0,10th Pass,200000, 0,BSP,"Rs 2,00,000 ~ 2 Lacs+"
Makwana Ukabhai Amarabhai,DASADA (SC),0,Post Graduate,698701, 0,IND,"Rs 6,98,701 ~ 6 Lacs+"
Anand P Rathod,DASADA (SC),0,Graduate,804000, 0,IND,"Rs 8,04,000 ~ 8 Lacs+"
R.B.Vaghela,DASADA (SC),0,Others,1536000, 625000,IND,"Rs 15,36,000 ~ 15 Lacs+"
Maurya Mitvardhan Naranbhai,DASADA (SC),0,Graduate Professional,1900000, 0,IND,"Rs 19,00,000 ~ 19 Lacs+"
Maheshbhai Virjibhai Rathod,DASADA (SC),0,12th Pass,3290000, 600000,Aadi Bharat Party,"Rs 32,90,000 ~ 32 Lacs+"
P.K.Parmar,DASADA (SC),0,Others,9135468, 1290574,BJP,"Rs 91,35,468 ~ 91 Lacs+"
Arvindbhai Kalubhai Solanki,DASADA (SC),0,8th Pass,29193919, 10683167,AAP,"Rs 2,91,93,919 ~ 2 Crore+"
Naushad Solanki,DASADA (SC),1,Others,110035604, 7787009,INC,"Rs 11,00,35,604 ~ 11 Crore+"
Bahadursing Devjibhai Vasava,DEDIAPADA (ST),2,12th Pass,4410470, 17000,Bhartiya Tribal Party,"Rs 44,10,470 ~ 44 Lacs+"
Chaitarbhai Damjibhai Vasava,DEDIAPADA (ST),8,Graduate,6087000, 0,AAP,"Rs 60,87,000 ~ 60 Lacs+"
Hiteshkumar Devjibhai Vasava,DEDIAPADA (ST),2,12th Pass,9806825, 2200000,BJP,"Rs 98,06,825 ~ 98 Lacs+"
Jermaben Suklal Vasava,DEDIAPADA (ST),0,Post Graduate,13806353, 1850000,INC,"Rs 1,38,06,353 ~ 1 Crore+"
Ganvit Kalpeshbhai Maganbhai,DHARAMPUR (ST),0,10th Pass,257000, 0,IND,"Rs 2,57,000 ~ 2 Lacs+"
Sureshbhai Ballubhai Patel,DHARAMPUR (ST),3,10th Pass,870000, 0,Bhartiya Tribal Party,"Rs 8,70,000 ~ 8 Lacs+"
Kalpesh Patel,DHARAMPUR (ST),4,Graduate Professional,1101235, 0,IND,"Rs 11,01,235 ~ 11 Lacs+"
Barat Anandbhai Dubiyabhai,DHARAMPUR (ST),0,Literate,1555186, 10000,CPI(ML)(L),"Rs 15,55,186 ~ 15 Lacs+"
Kamleshbhai Ghelabhai Patel,DHARAMPUR (ST),1,12th Pass,2350302, 0,AAP,"Rs 23,50,302 ~ 23 Lacs+"
Ratilal Vajirbhai Thakrya,DHARAMPUR (ST),0,8th Pass,3335000, 259470,BSP,"Rs 33,35,000 ~ 33 Lacs+"
Janubhai Dhakalbhai Kakad,DHARAMPUR (ST),0,10th Pass,4186000, 1250000,IND,"Rs 41,86,000 ~ 41 Lacs+"
Kishanbhai V. Patel,DHARAMPUR (ST),2,Graduate,8661771, 5200000,INC,"Rs 86,61,771 ~ 86 Lacs+"
Arvind Chhotubhai Patel,DHARAMPUR (ST),0,Graduate,26665354, 0,BJP,"Rs 2,66,65,354 ~ 2 Crore+"
Parmar Imranbhai Valibhai,DHARI,0,10th Pass,120000, 0,IND,"Rs 1,20,000 ~ 1 Lacs+"
Sureshbhai Dilubhai Parmar,DHARI,1,5th Pass,201000, 0,Rashtriya Power Party,"Rs 2,01,000 ~ 2 Lacs+"
Vijaybhai Amrutbhai Chavda,DHARI,1,5th Pass,560000, 60000,Log Party,"Rs 5,60,000 ~ 5 Lacs+"
Bhupatbhai Chhaganbhai Unava,DHARI,1,Illiterate,868000, 392000,Vyavastha Parivartan Party,"Rs 8,68,000 ~ 8 Lacs+"
Vala Upendrabhai Valkubhai,DHARI,1,10th Pass,3957133, 0,IND,"Rs 39,57,133 ~ 39 Lacs+"
Chaturbhai Parshotambhai Rudani,DHARI,0,5th Pass,6063000, 0,IND,"Rs 60,63,000 ~ 60 Lacs+"
Sojitra Hiteshbhai Gobarbhai,DHARI,0,10th Pass,8254500, 2920000,Rashtriya Hind Ekta Dal,"Rs 82,54,500 ~ 82 Lacs+"
Payal Bhavin Patel,DHARI,0,Others,9548500, 0,JD(S),"Rs 95,48,500 ~ 95 Lacs+"
Satasiya Kantibhai Shambhubhai,DHARI,0,8th Pass,13984607, 5210548,AAP,"Rs 1,39,84,607 ~ 1 Crore+"
Kakadiya Jaysukhbhai Vallabhbhai (Kakadiya J.V.),DHARI,0,Graduate,37524314, 11639519,BJP,"Rs 3,75,24,314 ~ 3 Crore+"
Kirtikumar Kanubhai Borisagar,DHARI,0,Graduate Professional,50672922, 20041389,INC,"Rs 5,06,72,922 ~ 5 Crore+"
Jafar Gani Pinjara,DHORAJI,0,5th Pass,41000, 0,IND,"Rs 41,000 ~ 41 Thou+"
Parmar Sahid (Hedli),DHORAJI,0,8th Pass,41000, 0,IND,"Rs 41,000 ~ 41 Thou+"
Sirajbhai Ababhai Khebhar,DHORAJI,0,12th Pass,50000, 174000,IND,"Rs 50,000 ~ 50 Thou+"
Prabhat Govind Solanki,DHORAJI,0,8th Pass,210000, 40000,BSP,"Rs 2,10,000 ~ 2 Lacs+"
Vipul Sakhiya,DHORAJI,0,10th Pass,5627801, 0,AAP,"Rs 56,27,801 ~ 56 Lacs+"
Lalit Vasoya,DHORAJI,0,12th Pass,25261906, 474800,INC,"Rs 2,52,61,906 ~ 2 Crore+"
Dr. Mahendrabhai Padalia,DHORAJI,0,Doctorate,84216405, 6036778,BJP,"Rs 8,42,16,405 ~ 8 Crore+"
Makwana Shantilal Pamabhai,DHRANGADHRA,0,8th Pass,16700, 0,IND,"Rs 16,700 ~ 16 Thou+"
Parmar Rajuben Ravindrabhai,DHRANGADHRA,0,8th Pass,140000, 0,IND,"Rs 1,40,000 ~ 1 Lacs+"
Chauhan Jerambhai Govindbhai,DHRANGADHRA,0,12th Pass,193000, 0,IND,"Rs 1,93,000 ~ 1 Lacs+"
Makwana Govindbhai Lalabhai,DHRANGADHRA,0,Graduate,604000, 50000,IND,"Rs 6,04,000 ~ 6 Lacs+"
Makwana Ukabhai Amrabhai,DHRANGADHRA,0,Post Graduate,698701, 0,IND,"Rs 6,98,701 ~ 6 Lacs+"
Bobda Nazirhusen Gulabbhai,DHRANGADHRA,0,12th Pass,774000, 0,IND,"Rs 7,74,000 ~ 7 Lacs+"
Samrat Jayraj Prabhubhai,DHRANGADHRA,0,8th Pass,814144, 0,BSP,"Rs 8,14,144 ~ 8 Lacs+"
Vijaykumar Dilipbhai Chavda,DHRANGADHRA,0,8th Pass,850000, 0,IND,"Rs 8,50,000 ~ 8 Lacs+"
Parmar Kanjibhai Govindbhai,DHRANGADHRA,0,10th Pass,1163000, 0,IND,"Rs 11,63,000 ~ 11 Lacs+"
Gunjariya Chhatrasinh Shankarbhai,DHRANGADHRA,6,8th Pass,4778488, 4665598,INC,"Rs 47,78,488 ~ 47 Lacs+"
Vaghjibhai Karshanbhai Kaila,DHRANGADHRA,0,8th Pass,5625000, 1843071,AAP,"Rs 56,25,000 ~ 56 Lacs+"
Surela Laljibhai Khodabhai,DHRANGADHRA,1,Literate,8549500, 1382678,IND,"Rs 85,49,500 ~ 85 Lacs+"
Prakashbhai Parsotambhai Varmora,DHRANGADHRA,0,10th Pass,313558116, 79085542,BJP,"Rs 31,35,58,116 ~ 31 Crore+"
Kishor Khimabhai Chavada,DWARKA,2,5th Pass,231000, 33000,IND,"Rs 2,31,000 ~ 2 Lacs+"
Devendra Fogabha Manek,DWARKA,0,8th Pass,290578, 31227,IND,"Rs 2,90,578 ~ 2 Lacs+"
Parmani Kishankumar Himantlal,DWARKA,3,8th Pass,348500, 67000,Garvi Gujarat Party,"Rs 3,48,500 ~ 3 Lacs+"
Bhagvanji H. Thobhani,DWARKA,1,8th Pass,497500, 131000,IND,"Rs 4,97,500 ~ 4 Lacs+"
Hamir Dadu Der,DWARKA,0,5th Pass,545000, 20000,SP,"Rs 5,45,000 ~ 5 Lacs+"
Hathal Chandrasinh Sadurbha,DWARKA,0,5th Pass,575000, 0,BSP,"Rs 5,75,000 ~ 5 Lacs+"
Ghediya Amit Jagdishbhai,DWARKA,0,Graduate Professional,628000, 0,IND,"Rs 6,28,000 ~ 6 Lacs+"
Lakhmanbhai Boghabhai Nakum,DWARKA,0,10th Pass,1215010, 0,AAP,"Rs 12,15,010 ~ 12 Lacs+"
Nagash Karashanbhai Jeshabhai,DWARKA,0,10th Pass,2452600, 1300000,IND,"Rs 24,52,600 ~ 24 Lacs+"
Asharafmiya Sidikmiya Kadri,DWARKA,0,Graduate Professional,3247887, 400000,IND,"Rs 32,47,887 ~ 32 Lacs+"
Madam Nathabhai Fogabhai,DWARKA,0,10th Pass,6991490, 500000,Gujarat Nav Nirman Sena,"Rs 69,91,490 ~ 69 Lacs+"
Ahir Mulubhai Ranmalbhai Kandoriya,DWARKA,0,Graduate,886050489, 113252947,INC,"Rs 88,60,50,489 ~ 88 Crore+"
Pabubha Virambha Manek,DWARKA,0,Literate,1155897789, 17486700,BJP,"Rs 1,15,58,97,789 ~ 115 Crore+"
Solanki Babubhai Khimjibhai,GADHADA (SC),0,5th Pass,968100, 0,BSP,"Rs 9,68,100 ~ 9 Lacs+"
Jagdishkumar Motilal Chavda,GADHADA (SC),3,12th Pass,3050008, 600000,INC,"Rs 30,50,008 ~ 30 Lacs+"
Rajeshbhai Polabhai Parmar,GADHADA (SC),0,Literate,7080000, 140000,Bhartiya Tribal Party,"Rs 70,80,000 ~ 70 Lacs+"
Parmar Rameshbhai Parbhubhai,GADHADA (SC),0,Graduate,24572410, 0,AAP,"Rs 2,45,72,410 ~ 2 Crore+"
Mahant Shambhunath Tundiya,GADHADA (SC),0,Graduate,48086662, 119600,BJP,"Rs 4,80,86,662 ~ 4 Crore+"
Pankajbhai Lallubhai Patel,GANDEVI (ST),0,10th Pass,1874040, 455000,AAP,"Rs 18,74,040 ~ 18 Lacs+"
Ashokbhai Lallubhai Patel (Karate),GANDEVI (ST),0,10th Pass,4417662, 1125000,INC,"Rs 44,17,662 ~ 44 Lacs+"
Nareshbhai Maganbhai Patel,GANDEVI (ST),0,10th Pass,38117827, 3731260,BJP,"Rs 3,81,17,827 ~ 3 Crore+"
Sondarva Jignasha Maheshbhai,GANDHIDHAM (SC),0,8th Pass,7000, 0,IND,"Rs 7,000 ~ 7 Thou+"
Arvind Ashok Sanghela,GANDHIDHAM (SC),0,Others,22000, 0,Gujarat Sarva Samaj Party,"Rs 22,000 ~ 22 Thou+"
Maheshwari Vanita Dahyalal,GANDHIDHAM (SC),0,Graduate Professional,23500, 0,Sanyukt Vikas Party,"Rs 23,500 ~ 23 Thou+"
Samirbhai Jumabhai Maheshwari,GANDHIDHAM (SC),0,5th Pass,244327, 0,IND,"Rs 2,44,327 ~ 2 Lacs+"
Laljibhai Karabhai Baliya,GANDHIDHAM (SC),1,Literate,258276, 70000,SP,"Rs 2,58,276 ~ 2 Lacs+"
Maurya K. D.,GANDHIDHAM (SC),0,10th Pass,425000, 0,BSP,"Rs 4,25,000 ~ 4 Lacs+"
Malti Kishor Maheshwari,GANDHIDHAM (SC),0,Graduate,5021150, 530090,BJP,"Rs 50,21,150 ~ 50 Lacs+"
Budhabhai Thavar Maheshwari,GANDHIDHAM (SC),0,Graduate Professional,9408642, 0,AAP,"Rs 94,08,642 ~ 94 Lacs+"
Bharatbhai Veljibhai Solanki,GANDHIDHAM (SC),0,8th Pass,15213397, 9565148,INC,"Rs 1,52,13,397 ~ 1 Crore+"
Sonrat Lakhubhai Jethsurbhai,GARIADHAR,0,Post Graduate,18321, 0,Rashtriya Power Party,"Rs 18,321 ~ 18 Thou+"
Rahulbhai Viththalbhai Raval,GARIADHAR,0,10th Pass,26959, 0,IND,"Rs 26,959 ~ 26 Thou+"
Chavada Ghanshyambhai Ashokbhai,GARIADHAR,0,10th Pass,55000, 37493,Rashtriya Hind Ekta Dal,"Rs 55,000 ~ 55 Thou+"
Kantariya Kishorbhai Paljibhai,GARIADHAR,0,Graduate,58000, 3400,BSP,"Rs 58,000 ~ 58 Thou+"
Bambhaniya Vallabhbhai Ratnabhai,GARIADHAR,0,5th Pass,92500, 0,IND,"Rs 92,500 ~ 92 Thou+"
Gauswami Piyushgiri Hasmukhgiri,GARIADHAR,0,12th Pass,175500, 0,IND,"Rs 1,75,500 ~ 1 Lacs+"
Bhupatabhai Mohanbhai Vala,GARIADHAR,0,Literate,535000, 0,Right to Recall Party,"Rs 5,35,000 ~ 5 Lacs+"
Sudhirbhai Vaghani,GARIADHAR,0,8th Pass,1903940, 0,AAP,"Rs 19,03,940 ~ 19 Lacs+"
Chavada Divyeshbhai Manubhai,GARIADHAR,1,Graduate Professional,14387131, 2796704,INC,"Rs 1,43,87,131 ~ 1 Crore+"
Nakrani Keshubhai Hirjibhai,GARIADHAR,0,10th Pass,18825469, 1000000,BJP,"Rs 1,88,25,469 ~ 1 Crore+"
Mukesh Dholumal Vardhani,GONDAL,0,Graduate Professional,1625400, 0,IND,"Rs 16,25,400 ~ 16 Lacs+"
Nimishaben Khunt,GONDAL,0,Graduate Professional,1703166, 0,AAP,"Rs 17,03,166 ~ 17 Lacs+"
Desai Yatish Govindlal,GONDAL,0,Graduate Professional,33039609, 6500000,INC,"Rs 3,30,39,609 ~ 3 Crore+"
Geetaba Jayrajsinh Jadeja,GONDAL,0,10th Pass,41484633, 750000,BJP,"Rs 4,14,84,633 ~ 4 Crore+"
Nausrka Mahammad Shaukatali,JALALPORE,2,5th Pass,258007, 0,SDPI,"Rs 2,58,007 ~ 2 Lacs+"
Pradipkumar,JALALPORE,1,Post Graduate,4901000, 4075583,AAP,"Rs 49,01,000 ~ 49 Lacs+"
R.C.Patel,JALALPORE,0,10th Pass,34488225, 7856310,BJP,"Rs 3,44,88,225 ~ 3 Crore+"
Ranjit Panchal (Munnabhai),JALALPORE,0,10th Pass,532111096, 10561131,INC,"Rs 53,21,11,096 ~ 53 Crore+"
Sureshbhai Dahyabhai Parmar,JAMBUSAR,0,8th Pass,10000, 0,IND,"Rs 10,000 ~ 10 Thou+"
Jambu Pramodbhai Bhagubhai,JAMBUSAR,0,8th Pass,310600, 0,Bahujan Republican Socialist Party,"Rs 3,10,600 ~ 3 Lacs+"
Sajidkhan Husenmahammadkhan Rehan,JAMBUSAR,1,Post Graduate,3533180, 0,AAP,"Rs 35,33,180 ~ 35 Lacs+"
Manilal Bhogilal Pandya,JAMBUSAR,0,Graduate,6692099, 260000,Bhartiya Tribal Party,"Rs 66,92,099 ~ 66 Lacs+"
Devkishordasji Bhaktisvarupdasji Swami,JAMBUSAR,0,Post Graduate,9999593, 7170000,BJP,"Rs 99,99,593 ~ 99 Lacs+"
Ismail Ahmad Patel,JAMBUSAR,5,10th Pass,12184062, 0,IND,"Rs 1,21,84,062 ~ 1 Crore+"
Sanjaybhai Jesangbhai Solanki,JAMBUSAR,0,Graduate,23099731, 450000,INC,"Rs 2,30,99,731 ~ 2 Crore+"
Ambalal Manjibhai Vavecha,JAMJODHPUR,0,12th Pass,55150, 0,IND,"Rs 55,150 ~ 55 Thou+"
Juneja Sabbirbhai Ibrahimbhai,JAMJODHPUR,0,Literate,62000, 0,SP,"Rs 62,000 ~ 62 Thou+"
Joshi Amit Babubhai,JAMJODHPUR,0,10th Pass,367000, 0,IND,"Rs 3,67,000 ~ 3 Lacs+"
Pravinbhai Vallabhbhai Patel,JAMJODHPUR,0,5th Pass,1120000, 0,IND,"Rs 11,20,000 ~ 11 Lacs+"
Basirbhai Sidikbhai Sama,JAMJODHPUR,0,5th Pass,1205700, 673100,IND,"Rs 12,05,700 ~ 12 Lacs+"
Abu Umar Shida,JAMJODHPUR,0,10th Pass,1547535, 0,IND,"Rs 15,47,535 ~ 15 Lacs+"
Ahir Hemantbhai Hardasbhai,JAMJODHPUR,0,10th Pass,26347474, 1490155,AAP,"Rs 2,63,47,474 ~ 2 Crore+"
Kalaria Chiragbhai Rameshbhai,JAMJODHPUR,0,Graduate,60413284, 5882071,INC,"Rs 6,04,13,284 ~ 6 Crore+"
Chimanbhai Sapariya,JAMJODHPUR,0,Graduate,79122651, 97551503,BJP,"Rs 7,91,22,651 ~ 7 Crore+"
Miya Aamin Rahimbhai,JAMNAGAR NORTH,0,5th Pass,21000, 0,IND,"Rs 21,000 ~ 21 Thou+"
Malek Aadil Rasidbhai,JAMNAGAR NORTH,0,10th Pass,31000, 0,IND,"Rs 31,000 ~ 31 Thou+"
Ker Rahim Osmanbhai,JAMNAGAR NORTH,0,Illiterate,42000, 0,IND,"Rs 42,000 ~ 42 Thou+"
Jahid Aavadbhai Jami,JAMNAGAR NORTH,1,Graduate,54000, 0,IND,"Rs 54,000 ~ 54 Thou+"
Chavda Ashok Nathabhai,JAMNAGAR NORTH,0,8th Pass,61000, 0,IND,"Rs 61,000 ~ 61 Thou+"
Hinaben Depabhai Makwana,JAMNAGAR NORTH,0,5th Pass,126000, 14120,IND,"Rs 1,26,000 ~ 1 Lacs+"
Anvar Daud Kakal,JAMNAGAR NORTH,0,Literate,500000, 0,IND,"Rs 5,00,000 ~ 5 Lacs+"
Advocate Jagdish Manshibhai Gadhavi,JAMNAGAR NORTH,0,Graduate Professional,3820000, 2700000,BSP,"Rs 38,20,000 ~ 38 Lacs+"
Bipendrasinh Chatursinh Jadeja,JAMNAGAR NORTH,0,Graduate Professional,17194887, 0,INC,"Rs 1,71,94,887 ~ 1 Crore+"
Karshanbhai Karmur (Ahir Karshanbhai Parbatbhai Karmur),JAMNAGAR NORTH,0,5th Pass,21262362, 5368625,AAP,"Rs 2,12,62,362 ~ 2 Crore+"
Rivasinh Hardevsinh Solanki (Rivaba Ravindrasinh Jadeja),JAMNAGAR NORTH,0,10th Pass,973559222, 0,BJP,"Rs 97,35,59,222 ~ 97 Crore+"
Bhuralal Meghajibhai Parmar,JAMNAGAR RURAL,0,10th Pass,265000, 0,IND,"Rs 2,65,000 ~ 2 Lacs+"
Chandra Dharmendra Dhirajlal,JAMNAGAR RURAL,0,8th Pass,1153000, 160000,IND,"Rs 11,53,000 ~ 11 Lacs+"
Kasam Nurmamad Khafi,JAMNAGAR RURAL,0,10th Pass,10236190, 98000,BSP,"Rs 1,02,36,190 ~ 1 Crore+"
Patel Raghavjibhai Hansrajbhai,JAMNAGAR RURAL,1,Graduate Professional,39980419, 2528068,BJP,"Rs 3,99,80,419 ~ 3 Crore+"
Prakash Dhirubhai Donga,JAMNAGAR RURAL,0,Graduate Professional,44676186, 18682596,AAP,"Rs 4,46,76,186 ~ 4 Crore+"
Ahir Jivanbhai K. Kumbharvadiya,JAMNAGAR RURAL,1,Graduate,68969240, 13155322,INC,"Rs 6,89,69,240 ~ 6 Crore+"
Chauhan Bharatbhai Mohanbhai,JAMNAGAR SOUTH,0,Graduate Professional,55000, 0,IND,"Rs 55,000 ~ 55 Thou+"
Kadari Mahmad Hushen Aarifmiya,JAMNAGAR SOUTH,0,12th Pass,81854, 100000,IND,"Rs 81,854 ~ 81 Thou+"
Alimamad Ishak Palani,JAMNAGAR SOUTH,0,5th Pass,108500, 0,IND,"Rs 1,08,500 ~ 1 Lacs+"
Jitesh Babubhai Rathod,JAMNAGAR SOUTH,0,10th Pass,193000, 0,IND,"Rs 1,93,000 ~ 1 Lacs+"
Abjal Mamadbhai Bhaya,JAMNAGAR SOUTH,4,8th Pass,261098, 112000,IND,"Rs 2,61,098 ~ 2 Lacs+"
Kamleshkumar Jentilal Hirpara,JAMNAGAR SOUTH,0,10th Pass,384700, 297000,Bharatiya National Janta Dal,"Rs 3,84,700 ~ 3 Lacs+"
Pattani Chandrakant Mohanlal,JAMNAGAR SOUTH,1,10th Pass,1190000, 0,IND,"Rs 11,90,000 ~ 11 Lacs+"
Chauhan Juned Abdul Rajak,JAMNAGAR SOUTH,9,8th Pass,2273500, 1831593,IND,"Rs 22,73,500 ~ 22 Lacs+"
Parmar Arjunbhai Karshanbhai,JAMNAGAR SOUTH,0,5th Pass,2475875, 0,IND,"Rs 24,75,875 ~ 24 Lacs+"
Makuben Kishorbhai Rathod (Meenaben),JAMNAGAR SOUTH,0,8th Pass,2897500, 150000,BSP,"Rs 28,97,500 ~ 28 Lacs+"
Vishal Rajbal Tyagi,JAMNAGAR SOUTH,0,12th Pass,3219117, 3684263,AAP,"Rs 32,19,117 ~ 32 Lacs+"
Gohel Mukesh Vajubhai,JAMNAGAR SOUTH,0,Graduate,7815000, 0,Gujarat Nav Nirman Sena,"Rs 78,15,000 ~ 78 Lacs+"
Akbari Divyeshbhai Ranchhodbhai,JAMNAGAR SOUTH,0,12th Pass,29846873, 14817413,BJP,"Rs 2,98,46,873 ~ 2 Crore+"
Kathiriya Manojbhai Gordhanbhai,JAMNAGAR SOUTH,0,8th Pass,190736467, 17056686,INC,"Rs 19,07,36,467 ~ 19 Crore+"
Ramaben Prakashbhai Gorasva,JASDAN,0,Literate,142000, 0,IND,"Rs 1,42,000 ~ 1 Lacs+"
Shamjibhai Ambabhai Dangar (Koli),JASDAN,0,10th Pass,5951500, 50000,Rashtriya Hind Ekta Dal,"Rs 59,51,500 ~ 59 Lacs+"
Devrajbhai Mashrubhai Makvana,JASDAN,1,12th Pass,6259000, 1000000,IND,"Rs 62,59,000 ~ 62 Lacs+"
Kunvarjibhai Mohanbhai Bavaliya,JASDAN,0,Graduate Professional,24413639, 0,BJP,"Rs 2,44,13,639 ~ 2 Crore+"
Bholabhai Bhikhabhai Gohel,JASDAN,0,Others,30160000, 500000,INC,"Rs 3,01,60,000 ~ 3 Crore+"
Tejasbhai Bhikhabhai Gajipara,JASDAN,0,12th Pass,35749471, 5861749,AAP,"Rs 3,57,49,471 ~ 3 Crore+"
Alpeshkumar V. Vadoliya,JETPUR,0,Graduate,34200, 0,Right to Recall Party,"Rs 34,200 ~ 34 Thou+"
Chavda Bharatkumar Nanjibhai,JETPUR,0,8th Pass,460000, 0,IND,"Rs 4,60,000 ~ 4 Lacs+"
Rohitbhai Vinubhai Bhuva,JETPUR,0,8th Pass,801334, 1635000,AAP,"Rs 8,01,334 ~ 8 Lacs+"
Boricha Devshibhai Kumbhabhai,JETPUR,0,8th Pass,3123357, 300000,BSP,"Rs 31,23,357 ~ 31 Lacs+"
Jayendrasinh Govubha Chauhan,JETPUR,1,12th Pass,5417000, 0,IND,"Rs 54,17,000 ~ 54 Lacs+"
Deepakbhai Keshavlal Vekariya (D.K. Vekariya),JETPUR,0,12th Pass,7992224, 0,INC,"Rs 79,92,224 ~ 79 Lacs+"
Rajubhai Arjanbhai Sarvaiya,JETPUR,1,10th Pass,8879272, 2015963,SP,"Rs 88,79,272 ~ 88 Lacs+"
Jayeshbhai Vitthalbhai Radadiya,JETPUR,0,12th Pass,331944084, 183243263,BJP,"Rs 33,19,44,084 ~ 33 Crore+"
Vasava Ranjitsinh Ganpatsinh,JHAGADIA (ST),0,12th Pass,250000, 0,IND,"Rs 2,50,000 ~ 2 Lacs+"
Urmilaben Mukeshbhai Bhagat,JHAGADIA (ST),0,Graduate Professional,8075356, 1086000,AAP,"Rs 80,75,356 ~ 80 Lacs+"
Fatesingbhai Chimanbhai Vasava,JHAGADIA (ST),12,5th Pass,14734253, 3500000,INC,"Rs 1,47,34,253 ~ 1 Crore+"
Vasava Chhotubhai Amarsinh,JHAGADIA (ST),0,10th Pass,17435000, 0,IND,"Rs 1,74,35,000 ~ 1 Crore+"
Riteshkumar Ramanbhai Vasava,JHAGADIA (ST),0,8th Pass,20417879, 3000000,BJP,"Rs 2,04,17,879 ~ 2 Crore+"
Mamtaben Jayantilal Botvadiya,JUNAGADH,0,Graduate,62500, 0,IND,"Rs 62,500 ~ 62 Thou+"
Mayurbhai Harilal Ranva,JUNAGADH,0,8th Pass,610000, 25000,BSP,"Rs 6,10,000 ~ 6 Lacs+"
Chetankumar Harsukhbhai Gajera,JUNAGADH,0,12th Pass,868918, 147882,AAP,"Rs 8,68,918 ~ 8 Lacs+"
Haresh Manubhai Sardhara,JUNAGADH,0,Graduate,1976516, 0,IND,"Rs 19,76,516 ~ 19 Lacs+"
Shashikant Karshanbhai Ravat,JUNAGADH,0,8th Pass,2381777, 900000,IND,"Rs 23,81,777 ~ 23 Lacs+"
Ghanshyamkumar Himantbhai Mashru,JUNAGADH,0,8th Pass,3230861, 0,IND,"Rs 32,30,861 ~ 32 Lacs+"
Gorfad Dilipkumar Ranchhodbhai,JUNAGADH,0,12th Pass,4345595, 400000,Bhartiya Jan Parishad,"Rs 43,45,595 ~ 43 Lacs+"
Joshi Bhikhabhai Galabhai,JUNAGADH,2,10th Pass,12368868, 365400,INC,"Rs 1,23,68,868 ~ 1 Crore+"
Sanjay Sukhabhai Koradia,JUNAGADH,0,12th Pass,184072178, 23594927,BJP,"Rs 18,40,72,178 ~ 18 Crore+"
Chauhan Pravinbhai Danabhai,KALAVAD (SC),0,5th Pass,159500, 0,IND,"Rs 1,59,500 ~ 1 Lacs+"
Chouhan Mahendra Dineshbhai,KALAVAD (SC),0,8th Pass,508700, 251000,BSP,"Rs 5,08,700 ~ 5 Lacs+"
Pravin Narashibhai Musadiya,KALAVAD (SC),0,Graduate Professional,5546900, 227902,INC,"Rs 55,46,900 ~ 55 Lacs+"
Dr. Jignesh Solanki,KALAVAD (SC),0,Graduate Professional,7834599, 1397840,AAP,"Rs 78,34,599 ~ 78 Lacs+"
Chavda Meghjibhai Amarabhai,KALAVAD (SC),0,Graduate,15629762, 3379200,BJP,"Rs 1,56,29,762 ~ 1 Crore+"
Hemendrasinh Rathod,KAMREJ,0,10th Pass,60000, 0,Bhartiya Tribal Party,"Rs 60,000 ~ 60 Thou+"
Arunbhai Dhanjibhai Sakariya,KAMREJ,0,Graduate,145890, 130537,BSP,"Rs 1,45,890 ~ 1 Lacs+"
Khushwah Sumanben Raveebhai,KAMREJ,1,8th Pass,529000, 0,Sardar Vallabhbhai Patel Party,"Rs 5,29,000 ~ 5 Lacs+"
Viradiya Piyush Hasmukhbhai,KAMREJ,0,Graduate Professional,737709, 0,IND,"Rs 7,37,709 ~ 7 Lacs+"
Dr. Dineshbhai Chhaganbhai Dhameliya,KAMREJ,0,Graduate Professional,15645622, 3615514,Real Democracy Party,"Rs 1,56,45,622 ~ 1 Crore+"
Ram Dhaduk,KAMREJ,4,Graduate Professional,16438277, 4514601,AAP,"Rs 1,64,38,277 ~ 1 Crore+"
Nilesh Kumbhani,KAMREJ,4,12th Pass,40778834, 24804260,INC,"Rs 4,07,78,834 ~ 4 Crore+"
Praful Pansheriya,KAMREJ,0,Graduate,196975964, 21066008,BJP,"Rs 19,69,75,964 ~ 19 Crore+"
Jayendrabhai Laxmanbhai Ganvit,KAPRADA (ST),0,Graduate,51000, 0,AAP,"Rs 51,000 ~ 51 Thou+"
Gurav Kamleshbhai Shravanbhai,KAPRADA (ST),0,8th Pass,199256, 0,CPI(ML)(L),"Rs 1,99,256 ~ 1 Lacs+"
Gaurangkumar Rameshbhai Patel,KAPRADA (ST),0,12th Pass,250000, 0,IND,"Rs 2,50,000 ~ 2 Lacs+"
Vaichandbhai Lallubhai Patel,KAPRADA (ST),0,Post Graduate,462383, 0,BSP,"Rs 4,62,383 ~ 4 Lacs+"
Subhashbhai Radkabhai Patel,KAPRADA (ST),0,10th Pass,3378000, 700000,Rashtriya Samaj Paksha,"Rs 33,78,000 ~ 33 Lacs+"
Vasantbhai Barjulbhai Patel,KAPRADA (ST),2,Graduate Professional,13913960, 2803100,INC,"Rs 1,39,13,960 ~ 1 Crore+"
Jitubhai Harjibhai Chaudhari,KAPRADA (ST),1,8th Pass,19335482, 457000,BJP,"Rs 1,93,35,482 ~ 1 Crore+"
Anwar Hamid Shaikh,KARANJ,0,5th Pass,52000, 0,IND,"Rs 52,000 ~ 52 Thou+"
Ladumor Maheshbhai Kababhai (Ahir),KARANJ,0,Graduate,83100, 0,Right to Recall Party,"Rs 83,100 ~ 83 Thou+"
Arunbhai Mansukhlal Parmar,KARANJ,1,8th Pass,300000, 0,IND,"Rs 3,00,000 ~ 3 Lacs+"
Vaghela Dinesh,KARANJ,0,Literate,585000, 775000,National Maha Sabha Party,"Rs 5,85,000 ~ 5 Lacs+"
Rameshbhai Parshotambhai Baraiya,KARANJ,0,5th Pass,1416500, 571734,IND,"Rs 14,16,500 ~ 14 Lacs+"
Pravinbhai Manjibhai Ghoghari,KARANJ,1,12th Pass,22300638, 5448166,BJP,"Rs 2,23,00,638 ~ 2 Crore+"
Manoj Sorathiya,KARANJ,1,Others,23474811, 6031749,AAP,"Rs 2,34,74,811 ~ 2 Crore+"
Bharti Prakashbhai Patel,KARANJ,3,Graduate,168403315, 0,INC,"Rs 16,84,03,315 ~ 16 Crore+"
Bapubhai Nanabhai Khalane,KATARGAM,1,10th Pass,72000, 318637,IND,"Rs 72,000 ~ 72 Thou+"
Akbar Liyakat Shahfakir,KATARGAM,0,Illiterate,115000, 0,IND,"Rs 1,15,000 ~ 1 Lacs+"
Kalpesh Harjivanbhai Variya,KATARGAM,0,12th Pass,751712, 661913,INC,"Rs 7,51,712 ~ 7 Lacs+"
Gopalbhai Gordhanbhai Italia,KATARGAM,19,Graduate,1015079, 0,AAP,"Rs 10,15,079 ~ 10 Lacs+"
Rajubhai Lakhabhai Sarakar,KATARGAM,0,Literate,1968200, 700000,IND,"Rs 19,68,200 ~ 19 Lacs+"
Amitkumar Bikaram Singh,KATARGAM,0,10th Pass,2082162, 1752000,BSP,"Rs 20,82,162 ~ 20 Lacs+"
Amarkumar Sureshbhai Lavne,KATARGAM,0,12th Pass,3970406, 1965425,Sarvodaya Bharat Party,"Rs 39,70,406 ~ 39 Lacs+"
Vinodbhai Amarshibhai Moradiya,KATARGAM,0,10th Pass,52194368, 6041990,BJP,"Rs 5,21,94,368 ~ 5 Crore+"
Antroliya Dhanabhai Munabhai,KESHOD,0,8th Pass,30000, 0,Vyavastha Parivartan Party,"Rs 30,000 ~ 30 Thou+"
Chudasama Ramajibhai Babubhai,KESHOD,1,12th Pass,676000, 0,AAP,"Rs 6,76,000 ~ 6 Lacs+"
Alpeshkumar Chandulal Trambadiya,KESHOD,0,Graduate Professional,1443196, 76546,IND,"Rs 14,43,196 ~ 14 Lacs+"
Arvindbhai Keshavbhai Ladani,KESHOD,0,10th Pass,23733196, 19510910,IND,"Rs 2,37,33,196 ~ 2 Crore+"
Dedaniya Lalitkumar Laljibhai,KESHOD,1,10th Pass,29481000, 2161000,IND,"Rs 2,94,81,000 ~ 2 Crore+"
Devabhai Punjabhai Malam,KESHOD,0,Literate,45569640, 0,BJP,"Rs 4,55,69,640 ~ 4 Crore+"
Hirabhai Arjanbhai Jotva,KESHOD,2,Graduate,78229777, 10467412,INC,"Rs 7,82,29,777 ~ 7 Crore+"
Manjuben Karabhai Pingal,KHAMBHALIA,0,Illiterate,65392, 0,IND,"Rs 65,392 ~ 65 Thou+"
Ibrahimbhai Amadbhai Ghavda,KHAMBHALIA,0,Illiterate,125000, 0,IND,"Rs 1,25,000 ~ 1 Lacs+"
Bukhari Yakub Mohammad Hushen,KHAMBHALIA,0,8th Pass,152198, 0,All India Majlis-E-Ittehadul Muslimeen,"Rs 1,52,198 ~ 1 Lacs+"
Vala Hamir Makvana,KHAMBHALIA,0,8th Pass,172278, 0,IND,"Rs 1,72,278 ~ 1 Lacs+"
Solanki Govind Hamirbhai,KHAMBHALIA,0,8th Pass,177000, 0,BSP,"Rs 1,77,000 ~ 1 Lacs+"
Nangesh Karsan Jeshabhai,KHAMBHALIA,0,10th Pass,2452100, 1300000,IND,"Rs 24,52,100 ~ 24 Lacs+"
Nurmamad Jusab Pariyani,KHAMBHALIA,0,Literate,3377542, 0,IND,"Rs 33,77,542 ~ 33 Lacs+"
Chetariya Lakhubhai Lagdhirbhai,KHAMBHALIA,0,12th Pass,8332800, 1030000,Gujarat Nav Nirman Sena,"Rs 83,32,800 ~ 83 Lacs+"
Isudan Gadhvi,KHAMBHALIA,2,Post Graduate,11086459, 5045481,AAP,"Rs 1,10,86,459 ~ 1 Crore+"
Ayar Mulubhai Hardasbhai Bera,KHAMBHALIA,0,10th Pass,59358379, 282478,BJP,"Rs 5,93,58,379 ~ 5 Crore+"
Ahir Vikrambhai Arjanbhai Maadam,KHAMBHALIA,0,Graduate,72076653, 4154125,INC,"Rs 7,20,76,653 ~ 7 Crore+"
Sosa Balubhai Pithabhai,KODINAR (SC),0,8th Pass,292000, 0,BSP,"Rs 2,92,000 ~ 2 Lacs+"
Vadhel Dipsinh Govindbhai,KODINAR (SC),0,12th Pass,310500, 0,IND,"Rs 3,10,500 ~ 3 Lacs+"
Valjibhai Karshanbhai Makvana,KODINAR (SC),0,10th Pass,1422557, 0,AAP,"Rs 14,22,557 ~ 14 Lacs+"
Makvana Maheshbhai Jethabhai,KODINAR (SC),6,8th Pass,7995960, 0,INC,"Rs 79,95,960 ~ 79 Lacs+"
Pradyuman Ganubhai Vaja,KODINAR (SC),0,Post Graduate,56335891, 0,BJP,"Rs 5,63,35,891 ~ 5 Crore+"
Anand Krashnakant Buch,KUTIYANA,1,8th Pass,20000, 0,IND,"Rs 20,000 ~ 20 Thou+"
Milankumar Madhavji Chauhan,KUTIYANA,0,12th Pass,50000, 0,IND,"Rs 50,000 ~ 50 Thou+"
Mukeshbhai Lakhaman Vaghasiya,KUTIYANA,0,8th Pass,50000, 0,IND,"Rs 50,000 ~ 50 Thou+"
Chandulal Mohanbhai Rathod,KUTIYANA,0,5th Pass,90000, 0,IND,"Rs 90,000 ~ 90 Thou+"
Ajay Karabhai Odedara,KUTIYANA,0,12th Pass,100000, 0,IND,"Rs 1,00,000 ~ 1 Lacs+"
Rajeshbhai Laxmidas Madlani,KUTIYANA,0,8th Pass,220000, 0,IND,"Rs 2,20,000 ~ 2 Lacs+"
Nimeshbhai Mansukhbhai Bhundiya,KUTIYANA,1,8th Pass,250000, 40000,IND,"Rs 2,50,000 ~ 2 Lacs+"
Prakashbhai Madhavjibhai Jungi,KUTIYANA,0,8th Pass,1670000, 0,IND,"Rs 16,70,000 ~ 16 Lacs+"
Butani Rajeshbhai Maganbhai,KUTIYANA,0,10th Pass,6384000, 1800000,Rashtriya Hind Ekta Dal,"Rs 63,84,000 ~ 63 Lacs+"
Bhimabhai Danabhai Makvana,KUTIYANA,0,Literate,10325931, 531526,AAP,"Rs 1,03,25,931 ~ 1 Crore+"
Dheliben Maldebhai Odedara,KUTIYANA,0,10th Pass,36300000, 0,BJP,"Rs 3,63,00,000 ~ 3 Crore+"
Nathabhai Bhurabhai Odedara,KUTIYANA,1,8th Pass,71192800, 1030199,INC,"Rs 7,11,92,800 ~ 7 Crore+"
Kandhalbhai Sarmanbhai Jadeja,KUTIYANA,2,8th Pass,209403859, 3808441,SP,"Rs 20,94,03,859 ~ 20 Crore+"
J.R.Parmar,LATHI,3,5th Pass,371000, 0,Right to Recall Party,"Rs 3,71,000 ~ 3 Lacs+"
Dilabhai Koreja,LATHI,1,5th Pass,948535, 50000,IND,"Rs 9,48,535 ~ 9 Lacs+"
Munabhai Nakubhai Bavaliya,LATHI,0,5th Pass,5448463, 2771000,IND,"Rs 54,48,463 ~ 54 Lacs+"
Jagdishchandra Mayani,LATHI,0,8th Pass,6455000, 682000,Vyavastha Parivartan Party,"Rs 64,55,000 ~ 64 Lacs+"
Jayshukhbhai Ravajibhai Detroja (Doli),LATHI,0,5th Pass,70271055, 137173152,AAP,"Rs 7,02,71,055 ~ 7 Crore+"
Virjibhai Thummar,LATHI,1,Graduate,110037814, 94174092,INC,"Rs 11,00,37,814 ~ 11 Crore+"
Janakbhai Talaviya,LATHI,1,12th Pass,581385657, 41601070,BJP,"Rs 58,13,85,657 ~ 58 Crore+"
Rashid Dadamiya Shaikh,LIMBAYAT,0,8th Pass,8000, 0,IND,"Rs 8,000 ~ 8 Thou+"
Sabirabibi Mohammad Yusuf Shaikh,LIMBAYAT,0,Literate,15000, 0,IND,"Rs 15,000 ~ 15 Thou+"
Hameed Madhavsang Rana,LIMBAYAT,0,8th Pass,16912, 0,IND,"Rs 16,912 ~ 16 Thou+"
Sayarabanu Hamid Rana,LIMBAYAT,0,8th Pass,16912, 0,IND,"Rs 16,912 ~ 16 Thou+"
Nasirshaha Naththushaha,LIMBAYAT,0,5th Pass,17000, 0,IND,"Rs 17,000 ~ 17 Thou+"
Irfankhan Pathan,LIMBAYAT,0,5th Pass,20000, 0,IND,"Rs 20,000 ~ 20 Thou+"
Khalik Yusuf Shaikh,LIMBAYAT,0,Illiterate,20000, 0,IND,"Rs 20,000 ~ 20 Thou+"
Shah Samir Shaikhlal,LIMBAYAT,0,5th Pass,20000, 0,IND,"Rs 20,000 ~ 20 Thou+"
Imrankhan Shokat Khan,LIMBAYAT,0,Illiterate,21000, 0,IND,"Rs 21,000 ~ 21 Thou+"
Shaikh Yusuf,LIMBAYAT,0,8th Pass,22000, 0,IND,"Rs 22,000 ~ 22 Thou+"
Ramjubhai Shaikh,LIMBAYAT,0,Illiterate,23000, 0,IND,"Rs 23,000 ~ 23 Thou+"
Azim Saiyad,LIMBAYAT,0,5th Pass,23800, 0,IND,"Rs 23,800 ~ 23 Thou+"
Patel Aamin Abdul Ghafar,LIMBAYAT,0,8th Pass,24000, 0,IND,"Rs 24,000 ~ 24 Thou+"
Shah Aiyub,LIMBAYAT,0,Illiterate,24000, 0,IND,"Rs 24,000 ~ 24 Thou+"
Javid Shaikh,LIMBAYAT,0,Illiterate,25000, 0,IND,"Rs 25,000 ~ 25 Thou+"
Nasrinbano Shaikh,LIMBAYAT,0,Illiterate,25000, 0,IND,"Rs 25,000 ~ 25 Thou+"
Mohshin Shah,LIMBAYAT,0,Illiterate,29000, 0,IND,"Rs 29,000 ~ 29 Thou+"
Pathan Bashirkhan,LIMBAYAT,0,5th Pass,29000, 0,IND,"Rs 29,000 ~ 29 Thou+"
Shaikh Salman,LIMBAYAT,0,5th Pass,30000, 0,IND,"Rs 30,000 ~ 30 Thou+"
Hamid Shaikh,LIMBAYAT,1,Illiterate,43000, 0,IND,"Rs 43,000 ~ 43 Thou+"
Mohammad Nafis Islam Khan,LIMBAYAT,0,Illiterate,45217, 0,IND,"Rs 45,217 ~ 45 Thou+"
Saiyad Suraiya Latif,LIMBAYAT,0,Literate,51000, 0,IND,"Rs 51,000 ~ 51 Thou+"
Faruk Khan,LIMBAYAT,0,8th Pass,75000, 0,IND,"Rs 75,000 ~ 75 Thou+"
Shaikh Subhan Abudulla,LIMBAYAT,0,Literate,80000, 0,SP,"Rs 80,000 ~ 80 Thou+"
Vasim Shaikh,LIMBAYAT,0,Illiterate,95000, 0,IND,"Rs 95,000 ~ 95 Thou+"
Saiyad Mehmud,LIMBAYAT,0,8th Pass,120000, 0,IND,"Rs 1,20,000 ~ 1 Lacs+"
Ramzan Mansuri (Varisht Partrakar),LIMBAYAT,0,10th Pass,123000, 0,Log Party,"Rs 1,23,000 ~ 1 Lacs+"
Ayaz Kazi,LIMBAYAT,0,Illiterate,140000, 37980,BSP,"Rs 1,40,000 ~ 1 Lacs+"
Shah Firoj Supadubhai,LIMBAYAT,0,5th Pass,151000, 0,IND,"Rs 1,51,000 ~ 1 Lacs+"
Abdul Bashir Shaikh,LIMBAYAT,2,5th Pass,180510, 0,All India Majlis-E-Ittehadul Muslimeen,"Rs 1,80,510 ~ 1 Lacs+"
Anishaben Kureshi,LIMBAYAT,0,Literate,199500, 0,IND,"Rs 1,99,500 ~ 1 Lacs+"
Sami Akhtar Isaf Mohammad Shaikh,LIMBAYAT,0,5th Pass,275000, 0,IND,"Rs 2,75,000 ~ 2 Lacs+"
Bharatbhai B. Patel,LIMBAYAT,0,5th Pass,415000, 0,CPI(M),"Rs 4,15,000 ~ 4 Lacs+"
Gopal D. Patil,LIMBAYAT,0,8th Pass,450000, 0,INC,"Rs 4,50,000 ~ 4 Lacs+"
Raybole Panjab,LIMBAYAT,0,10th Pass,506000, 0,IND,"Rs 5,06,000 ~ 5 Lacs+"
Rani Aziz Shaikh,LIMBAYAT,0,10th Pass,559500, 0,Rashtriya Samaj Paksha,"Rs 5,59,500 ~ 5 Lacs+"
Wasim Kareem Shaikh,LIMBAYAT,4,Literate,642000, 32216,IND,"Rs 6,42,000 ~ 6 Lacs+"
Ram Murat Maurya (Comrade),LIMBAYAT,0,10th Pass,669233, 0,SUCI(C),"Rs 6,69,233 ~ 6 Lacs+"
Farukhasha Shabbirsha,LIMBAYAT,0,5th Pass,701028, 123819,IND,"Rs 7,01,028 ~ 7 Lacs+"
Rekhaben Satishbhai Patel,LIMBAYAT,0,Illiterate,1095000, 70000,IND,"Rs 10,95,000 ~ 10 Lacs+"
Arun Pathak (Gabbar),LIMBAYAT,4,Others,1917542, 0,IND,"Rs 19,17,542 ~ 19 Lacs+"
Pankajbhai Tayade,LIMBAYAT,1,8th Pass,2021227, 0,AAP,"Rs 20,21,227 ~ 20 Lacs+"
Akram Vahidulla Ansari,LIMBAYAT,12,Literate,14151000, 0,IND,"Rs 1,41,51,000 ~ 1 Crore+"
Sangitaben Rajendra Patil,LIMBAYAT,0,Graduate,21066861, 4332129,BJP,"Rs 2,10,66,861 ~ 2 Crore+"
Parmar Dilipbhai Mohanbhai,LIMBDI,0,10th Pass,26000, 0,IND,"Rs 26,000 ~ 26 Thou+"
Dhoriya Rameshbhai Bhavabhai,LIMBDI,0,8th Pass,40000, 0,IND,"Rs 40,000 ~ 40 Thou+"
Rathod Yogeshbhai Jethabhai,LIMBDI,0,5th Pass,52000, 0,IND,"Rs 52,000 ~ 52 Thou+"
Chavda Mahendrakumar Maganbhai,LIMBDI,1,Graduate Professional,60000, 0,IND,"Rs 60,000 ~ 60 Thou+"
Makwana Prakashbhai Pitambarbhai,LIMBDI,1,8th Pass,60000, 0,IND,"Rs 60,000 ~ 60 Thou+"
Lakhmanbhai Chaturbhai Velani,LIMBDI,1,Illiterate,70721, 0,IND,"Rs 70,721 ~ 70 Thou+"
Makvana Maheshbhai Merabhai,LIMBDI,1,10th Pass,76500, 0,IND,"Rs 76,500 ~ 76 Thou+"
Rahulbhai Madhabhai Zarmariya,LIMBDI,0,10th Pass,106000, 0,IND,"Rs 1,06,000 ~ 1 Lacs+"
Mavjibhai Viththalbhai Panchala,LIMBDI,0,Illiterate,151000, 0,IND,"Rs 1,51,000 ~ 1 Lacs+"
Gabu Nagjibhai Mohanbhai,LIMBDI,0,5th Pass,738569, 300000,Rashtra Nirman Party,"Rs 7,38,569 ~ 7 Lacs+"
Mayurbhai Merabhai Sakariya,LIMBDI,1,12th Pass,969000, 0,AAP,"Rs 9,69,000 ~ 9 Lacs+"
Jayesh Hansrajbhai Thakor (Tamboliya),LIMBDI,2,10th Pass,1385000, 2000000,IND,"Rs 13,85,000 ~ 13 Lacs+"
Rajesh Dalal,LIMBDI,1,10th Pass,1708272, 0,Garvi Gujarat Party,"Rs 17,08,272 ~ 17 Lacs+"
Kalpanaben Bijalbhai Dhoriya,LIMBDI,0,Graduate Professional,11598307, 7448813,INC,"Rs 1,15,98,307 ~ 1 Crore+"
Kiritsinh Jitubha Rana,LIMBDI,0,10th Pass,21347937, 0,BJP,"Rs 2,13,47,937 ~ 2 Crore+"
Gopalbhai Gabhabhai Joliya,MAHUVA,0,Graduate Professional,20000, 0,IND,"Rs 20,000 ~ 20 Thou+"
Nanjibhai Harasurbhai Baraiya (Nanjibhai Baraiya),MAHUVA,2,5th Pass,25000, 0,IND,"Rs 25,000 ~ 25 Thou+"
Mahebubbhai Alarakhbhai Shekh,MAHUVA,0,5th Pass,242000, 0,IND,"Rs 2,42,000 ~ 2 Lacs+"
Sankhat Savjibhai Bhagvanbhai (Koli Savaram Sankhat),MAHUVA,0,Literate,265000, 0,Vyavastha Parivartan Party,"Rs 2,65,000 ~ 2 Lacs+"
Hojefa Ikbalbhai Hingora,MAHUVA,0,5th Pass,291000, 50000,IND,"Rs 2,91,000 ~ 2 Lacs+"
Dr. Kanubhai V. Kalsaria,MAHUVA,2,Post Graduate,1489046, 0,INC,"Rs 14,89,046 ~ 14 Lacs+"
Solanki Arvindbhai Nathabhai,MAHUVA,0,Graduate,2592500, 1300000,Rashtriya Hind Ekta Dal,"Rs 25,92,500 ~ 25 Lacs+"
Ashokbhai Mangalbhai Joliya,MAHUVA,0,5th Pass,2735280, 0,AAP,"Rs 27,35,280 ~ 27 Lacs+"
Alimahamad Hanifbhai Halari,MAHUVA,0,8th Pass,4481800, 1115000,IND,"Rs 44,81,800 ~ 44 Lacs+"
Gohil Shivabhai Jerambhai,MAHUVA,0,8th Pass,24793723, 2000000,BJP,"Rs 2,47,93,723 ~ 2 Crore+"
Kunjankumar Rameshchandra Patel,MAHUVA (ST),0,Post Graduate,3378370, 1190315,AAP,"Rs 33,78,370 ~ 33 Lacs+"
Mohanbhai Dhanjibhai Dhodiya,MAHUVA (ST),0,8th Pass,20018546, 1300000,BJP,"Rs 2,00,18,546 ~ 2 Crore+"
Garasiya Hemangini Dipakkumar,MAHUVA (ST),0,Graduate Professional,83458440, 28638966,INC,"Rs 8,34,58,440 ~ 8 Crore+"
Rameshprasad Kashiram Chamar,MAJURA,0,10th Pass,2351700, 1600000,BSP,"Rs 23,51,700 ~ 23 Lacs+"
Balwant Shantilal Jain,MAJURA,0,12th Pass,21931426, 12735000,INC,"Rs 2,19,31,426 ~ 2 Crore+"
P V S Sarma,MAJURA,2,Post Graduate,169491888, 66038313,AAP,"Rs 16,94,91,888 ~ 16 Crore+"
Harsh Ramesh Sanghvi,MAJURA,1,8th Pass,174274927, 83177314,BJP,"Rs 17,42,74,927 ~ 17 Crore+"
Rathod Bhavinkumar Shantilal,MANAVADAR,3,Graduate Professional,215015, 312000,IND,"Rs 2,15,015 ~ 2 Lacs+"
Mahesh Parmar,MANAVADAR,0,10th Pass,401457, 0,IND,"Rs 4,01,457 ~ 4 Lacs+"
Muchhadiya Devdanbhai Kanabhai,MANAVADAR,0,Graduate Professional,1150000, 0,BSP,"Rs 11,50,000 ~ 11 Lacs+"
Arvindbhai Jinabhai Ladani,MANAVADAR,0,12th Pass,9611654, 336000,INC,"Rs 96,11,654 ~ 96 Lacs+"
Karangiya Parbatbhai Bhayabhai,MANAVADAR,0,10th Pass,14373489, 600000,IND,"Rs 1,43,73,489 ~ 1 Crore+"
Karshan Parbat Bhadarka (Bapu),MANAVADAR,0,Post Graduate,59364567, 23682089,AAP,"Rs 5,93,64,567 ~ 5 Crore+"
Jawaharbhai Pethaljibhai Chavda,MANAVADAR,2,10th Pass,1301580411, 91449728,BJP,"Rs 1,30,15,80,411 ~ 130 Crore+"
Kishorbhai Dheda,MANDVI,0,10th Pass,735600, 0,BSP,"Rs 7,35,600 ~ 7 Lacs+"
Vachhiya Lakhmir Rabari,MANDVI,0,5th Pass,1450000, 0,Praja Vijay Paksh,"Rs 14,50,000 ~ 14 Lacs+"
Sameja Abdulkarim Amad,MANDVI,4,8th Pass,1633600, 0,IND,"Rs 16,33,600 ~ 16 Lacs+"
Advocate Mahamadiqbal Manjaliya,MANDVI,0,Graduate Professional,5705000, 1531000,All India Majlis-E-Ittehadul Muslimeen,"Rs 57,05,000 ~ 57 Lacs+"
Sangar Shivji Budhiya,MANDVI,0,5th Pass,12737915, 700000,IND,"Rs 1,27,37,915 ~ 1 Crore+"
Rajendrasinh A. Jadeja,MANDVI,0,12th Pass,38346602, 11911533,INC,"Rs 3,83,46,602 ~ 3 Crore+"
Aniruddha Bhailal Dave,MANDVI,0,Post Graduate,90696946, 5989452,BJP,"Rs 9,06,96,946 ~ 9 Crore+"
Kailasdan K. Gadhvi,MANDVI,0,Graduate,101247148, 46138654,AAP,"Rs 10,12,47,148 ~ 10 Crore+"
Bachubhai Gumanbhai Chaudhari,MANDVI (ST),0,5th Pass,165000, 0,Bhartiya Tribal Party,"Rs 1,65,000 ~ 1 Lacs+"
Saynaben Rustambhai Gamit,MANDVI (ST),0,12th Pass,343333, 0,AAP,"Rs 3,43,333 ~ 3 Lacs+"
Chaudhari Pradipbhai Thagabhai,MANDVI (ST),0,10th Pass,1018289, 0,IND,"Rs 10,18,289 ~ 10 Lacs+"
Sureshkumar Jivanbhai Gamit,MANDVI (ST),0,8th Pass,1105397, 0,IND,"Rs 11,05,397 ~ 11 Lacs+"
Anandbhai Mohanbhai Chaudhari,MANDVI (ST),0,Others,6116335, 0,INC,"Rs 61,16,335 ~ 61 Lacs+"
Kunvarjibhai Narsinhbhai Halpati,MANDVI (ST),0,Graduate Professional,10780874, 2749374,BJP,"Rs 1,07,80,874 ~ 1 Crore+"
Ashokbhai Chhotubhai Chaudhary,MANDVI (ST),0,Graduate,16268661, 3000000,BSP,"Rs 1,62,68,661 ~ 1 Crore+"
Hanshaben Vijaykumar Makadiya,MANGROL,0,Graduate,345000, 0,BSP,"Rs 3,45,000 ~ 3 Lacs+"
Hamirbhai Lakhmanbhai Dhama,MANGROL,0,8th Pass,555000, 0,IND,"Rs 5,55,000 ~ 5 Lacs+"
Babubhai Kalabhai Vaja,MANGROL,0,10th Pass,8285924, 428200,INC,"Rs 82,85,924 ~ 82 Lacs+"
Piyush Parmar,MANGROL,3,Graduate,8522178, 3115341,AAP,"Rs 85,22,178 ~ 85 Lacs+"
Kargatiya Bhagvanjibhai Lakhabhai,MANGROL,0,10th Pass,12550000, 0,BJP,"Rs 1,25,50,000 ~ 1 Crore+"
Sulemanbhai Mohmadbhai Patel,MANGROL,1,Graduate,56185000, 12700000,All India Majlis-E-Ittehadul Muslimeen,"Rs 5,61,85,000 ~ 5 Crore+"
Sahdev Vasava (Advocate),MANGROL (ST),0,Graduate Professional,55700, 80000,BSP,"Rs 55,700 ~ 55 Thou+"
Vasava Subhashbhai Kanjibhai,MANGROL (ST),0,8th Pass,150000, 0,Bhartiya Tribal Party,"Rs 1,50,000 ~ 1 Lacs+"
Snehalkumar Ramsing Vasava,MANGROL (ST),0,12th Pass,1961808, 830000,AAP,"Rs 19,61,808 ~ 19 Lacs+"
Anilbhai Sumanbhai Chaudhari,MANGROL (ST),0,Graduate,8286886, 1802585,INC,"Rs 82,86,886 ~ 82 Lacs+"
Ganpatsinh Vestabhai Vasava,MANGROL (ST),0,Graduate,84506704, 41767352,BJP,"Rs 8,45,06,704 ~ 8 Crore+"
Ashvinkumar Haribhai Tundiya,MORBI,0,10th Pass,167000, 0,IND,"Rs 1,67,000 ~ 1 Lacs+"
Jadav Maheshbhai Dhanjibhai,MORBI,0,5th Pass,293000, 0,IND,"Rs 2,93,000 ~ 2 Lacs+"
Madhu Nirupaben Natavarlal,MORBI,0,Graduate Professional,499000, 0,IND,"Rs 4,99,000 ~ 4 Lacs+"
Shahmadar Daudsha Rahemansha,MORBI,0,8th Pass,515841, 0,IND,"Rs 5,15,841 ~ 5 Lacs+"
Arifkhan Mahmadhusen Khoram,MORBI,0,8th Pass,541100, 0,IND,"Rs 5,41,100 ~ 5 Lacs+"
Gulam Hanifbhai Movar,MORBI,0,Literate,545230, 0,IND,"Rs 5,45,230 ~ 5 Lacs+"
Ekbalbhai Hushenbhai Katiya,MORBI,0,Literate,1158400, 167086,IND,"Rs 11,58,400 ~ 11 Lacs+"
Jeda Akbar Husen,MORBI,0,8th Pass,1223082, 0,IND,"Rs 12,23,082 ~ 12 Lacs+"
Gopal Vinubhai Sitapara,MORBI,0,10th Pass,1359500, 348000,IND,"Rs 13,59,500 ~ 13 Lacs+"
Hasan Alubhai Movar,MORBI,0,Literate,1380000, 0,IND,"Rs 13,80,000 ~ 13 Lacs+"
Kasambhai Hajibhai Sumara,MORBI,0,12th Pass,1440000, 0,BSP,"Rs 14,40,000 ~ 14 Lacs+"
Balvantbhai Nathubhai Shekhva,MORBI,0,Literate,1702000, 0,IND,"Rs 17,02,000 ~ 17 Lacs+"
Vivek Jayantilal Mirani Alias(Bablubhai),MORBI,1,12th Pass,4220000, 0,IND,"Rs 42,20,000 ~ 42 Lacs+"
Siraj Amirali Popatiya,MORBI,0,10th Pass,4656800, 1100000,IND,"Rs 46,56,800 ~ 46 Lacs+"
Pankaj Kantilal Ransariya,MORBI,1,12th Pass,35267065, 13733537,AAP,"Rs 3,52,67,065 ~ 3 Crore+"
Amrutiya Kantilal Shivlal,MORBI,0,12th Pass,92358032, 33286579,BJP,"Rs 9,23,58,032 ~ 9 Crore+"
Patel Jayantilal Jerajbhai,MORBI,0,Graduate,231976432, 23450716,INC,"Rs 23,19,76,432 ~ 23 Crore+"
Dr. Prafulbhai Devjibhai Vasava,NANDOD (ST),4,Doctorate,4204144, 2515000,AAP,"Rs 42,04,144 ~ 42 Lacs+"
Maheshbhai Saradbhai Vasava (Manabhai),NANDOD (ST),0,12th Pass,9000000, 0,Bhartiya Tribal Party,"Rs 90,00,000 ~ 90 Lacs+"
Hareshbhai Jayantibhai Vasava,NANDOD (ST),1,Post Graduate,9860000, 0,INC,"Rs 98,60,000 ~ 98 Lacs+"
Harshadbhai Chunilal Vasava,NANDOD (ST),0,Graduate,33933000, 8684503,IND,"Rs 3,39,33,000 ~ 3 Crore+"
Dr. Darshna Chandubhai Deshmukh(Vasava),NANDOD (ST),0,Post Graduate,36953667, 4180000,BJP,"Rs 3,69,53,667 ~ 3 Crore+"
Mahendrakumar Solanki (Rakeshkumar),NAVSARI,0,8th Pass,130000, 0,BSP,"Rs 1,30,000 ~ 1 Lacs+"
Govindbhai Laxmanbhai Rathod,NAVSARI,0,5th Pass,2795000, 195000,IND,"Rs 27,95,000 ~ 27 Lacs+"
Upeshkumar Mohanbhai Patel,NAVSARI,0,12th Pass,3706431, 2555501,AAP,"Rs 37,06,431 ~ 37 Lacs+"
Kalpanaben Percy Munshi,NAVSARI,0,Others,14841019, 190706,IND,"Rs 1,48,41,019 ~ 1 Crore+"
Desai Rakesh Gunvantbhai,NAVSARI,0,Others,18946056, 1790784,BJP,"Rs 1,89,46,056 ~ 1 Crore+"
Dipak Barot,NAVSARI,1,10th Pass,85873743, 4263008,INC,"Rs 8,58,73,743 ~ 8 Crore+"
Vinabhai Bablabhai Gamit,NIZAR (ST),0,Literate,217200, 0,IND,"Rs 2,17,200 ~ 2 Lacs+"
Manishbhai Prakashbhai Vasava,NIZAR (ST),0,Post Graduate,561898, 0,IND,"Rs 5,61,898 ~ 5 Lacs+"
Samirbhai Janakbhai Naik,NIZAR (ST),0,10th Pass,1377840, 0,Bhartiya Tribal Party,"Rs 13,77,840 ~ 13 Lacs+"
Dr.Jayrambhai Chemabhai Gamit,NIZAR (ST),0,Doctorate,4696210, 143261,BJP,"Rs 46,96,210 ~ 46 Lacs+"
Arvindbhai Singabhai Gamit,NIZAR (ST),1,10th Pass,5611000, 797000,AAP,"Rs 56,11,000 ~ 56 Lacs+"
Sunilbhai Ratanjibhai Gamit,NIZAR (ST),0,Graduate,8629086, 2586585,INC,"Rs 86,29,086 ~ 86 Lacs+"
Dipakbhai Pravinbhai Rathod,OLPAD,1,10th Pass,85000, 0,CPI(M),"Rs 85,000 ~ 85 Thou+"
Bhaliya Khimjibhai Hakabhai,OLPAD,0,5th Pass,118195, 0,BSP,"Rs 1,18,195 ~ 1 Lacs+"
Shehanazbibi Khalidbhai Shekh,OLPAD,0,8th Pass,436000, 0,IND,"Rs 4,36,000 ~ 4 Lacs+"
Khalifa Abdulrazak Ajij,OLPAD,0,5th Pass,672157, 0,IND,"Rs 6,72,157 ~ 6 Lacs+"
Malek Asifbhai Yusufbhai,OLPAD,0,Literate,711600, 0,IND,"Rs 7,11,600 ~ 7 Lacs+"
Natvarbhai Dahyabhai Mahyavanshi,OLPAD,0,Graduate Professional,885000, 0,IND,"Rs 8,85,000 ~ 8 Lacs+"
Sajid Mehmud Kola,OLPAD,0,Illiterate,1063000, 0,IND,"Rs 10,63,000 ~ 10 Lacs+"
Dharmikbhai Nanubhai Malaviya,OLPAD,7,12th Pass,1065204, 0,AAP,"Rs 10,65,204 ~ 10 Lacs+"
Patel Sarfaraj Abdulla,OLPAD,0,Others,1087332, 340000,IND,"Rs 10,87,332 ~ 10 Lacs+"
Vijaybhai Rameshbhai Vasava,OLPAD,0,5th Pass,1171367, 0,Bhartiya Tribal Party,"Rs 11,71,367 ~ 11 Lacs+"
Jigneshkumar Manjibhai Dhameliya,OLPAD,0,10th Pass,1774658, 12480,IND,"Rs 17,74,658 ~ 17 Lacs+"
Dholariya Viral Govindbhai,OLPAD,0,Graduate,4340005, 0,IND,"Rs 43,40,005 ~ 43 Lacs+"
Dhameliya Dineshbhai Chhaganbhai,OLPAD,0,Graduate Professional,15645622, 3615514,Real Democracy Party,"Rs 1,56,45,622 ~ 1 Crore+"
Darshankumar Amrutlal Nayak,OLPAD,0,Graduate Professional,39045530, 0,INC,"Rs 3,90,45,530 ~ 3 Crore+"
Mukeshbhai Zinabhai Patel,OLPAD,0,12th Pass,49145155, 18909886,BJP,"Rs 4,91,45,155 ~ 4 Crore+"
Ibrahimbhai Hasanali Saiyad,PALITANA,0,10th Pass,180400, 0,IND,"Rs 1,80,400 ~ 1 Lacs+"
Gohil Sanjaybhai Valajibhai,PALITANA,0,5th Pass,365000, 372370,Vyavastha Parivartan Party,"Rs 3,65,000 ~ 3 Lacs+"
Parmar Nareshbhai Ravjibhai,PALITANA,0,8th Pass,380000, 0,BSP,"Rs 3,80,000 ~ 3 Lacs+"
Narshibhai Ukabhai Chauhan,PALITANA,0,Literate,554500, 0,IND,"Rs 5,54,500 ~ 5 Lacs+"
Bhikhabhai Ravajibhai Baraiya,PALITANA,0,12th Pass,8972311, 0,BJP,"Rs 89,72,311 ~ 89 Lacs+"
Rathod Pravinbhai Jinabhai,PALITANA,0,10th Pass,12969109, 458469,INC,"Rs 1,29,69,109 ~ 1 Crore+"
Kheni Jinabhai Parshottambhai (Dr.Z.P. Kheni),PALITANA,0,Graduate Professional,89028010, 1911372,AAP,"Rs 8,90,28,010 ~ 8 Crore+"
Sanjaybhai Parsottambhai Parmar,PARDI,0,12th Pass,110000, 0,Rashtriya Samaj Paksha,"Rs 1,10,000 ~ 1 Lacs+"
Patel Navinkumar Shankarbhai,PARDI,0,Graduate Professional,745000, 0,IND,"Rs 7,45,000 ~ 7 Lacs+"
Ketanbhai Kishorbhai Patel,PARDI,1,10th Pass,2282810, 1301396,AAP,"Rs 22,82,810 ~ 22 Lacs+"
Jayshreeben Patel,PARDI,0,12th Pass,4827838, 980000,INC,"Rs 48,27,838 ~ 48 Lacs+"
Pravinkumar Bholaprasad Singh,PARDI,0,10th Pass,6885000, 300000,IND,"Rs 68,85,000 ~ 68 Lacs+"
Kanubhai Mohanlal Desai,PARDI,0,Graduate Professional,109351751, 0,BJP,"Rs 10,93,51,751 ~ 10 Crore+"
Odedara Ranmalbhai Rambhai,PORBANDAR,0,10th Pass,50000, 0,IND,"Rs 50,000 ~ 50 Thou+"
Mukesh Ramji Panjari,PORBANDAR,0,10th Pass,60000, 0,IND,"Rs 60,000 ~ 60 Thou+"
Jivan Jungi,PORBANDAR,0,10th Pass,140000, 0,AAP,"Rs 1,40,000 ~ 1 Lacs+"
Odedara Lakhanshi Deva,PORBANDAR,1,Graduate,250000, 0,IND,"Rs 2,50,000 ~ 2 Lacs+"
Jethabhai Bhanabhai Chavda,PORBANDAR,2,8th Pass,340000, 72000,Bahujan Republican Socialist Party,"Rs 3,40,000 ~ 3 Lacs+"
Prakashbhai Vallabhdas Unadkat,PORBANDAR,0,10th Pass,353000, 0,IND,"Rs 3,53,000 ~ 3 Lacs+"
Rajesh Gaurishankar Pandya,PORBANDAR,0,10th Pass,937448, 430000,Right to Recall Party,"Rs 9,37,448 ~ 9 Lacs+"
Manoj Babu Buddhecha,PORBANDAR,0,5th Pass,990000, 0,IND,"Rs 9,90,000 ~ 9 Lacs+"
Rameshbhai Rajabhai Daki,PORBANDAR,0,Others,1739000, 131400,SP,"Rs 17,39,000 ~ 17 Lacs+"
Arjunbhai Devabhai Modhwadia,PORBANDAR,1,Graduate Professional,39691720, 733064,INC,"Rs 3,96,91,720 ~ 3 Crore+"
Babubhai Bhimabhai Bokhiriya,PORBANDAR,0,Graduate,268241185, 34830290,BJP,"Rs 26,82,41,185 ~ 26 Crore+"
Sagthiya Sureshkumar Govindbhai,RAJKOT EAST,0,10th Pass,319000, 0,CPI,"Rs 3,19,000 ~ 3 Lacs+"
Parghi Surajbhai Nanjibhai,RAJKOT EAST,0,Others,366855, 0,IND,"Rs 3,66,855 ~ 3 Lacs+"
Ranchhodbhai Maganbhai Ughreja,RAJKOT EAST,0,Literate,981452, 0,IND,"Rs 9,81,452 ~ 9 Lacs+"
Rahul Bhuva,RAJKOT EAST,1,Post Graduate,2418086, 0,AAP,"Rs 24,18,086 ~ 24 Lacs+"
Lunagariya Babulal Parshotambhai,RAJKOT EAST,0,8th Pass,11803783, 0,IND,"Rs 1,18,03,783 ~ 1 Crore+"
Rajesh Samsuddin Gilani,RAJKOT EAST,0,5th Pass,93728592, 48000000,IND,"Rs 9,37,28,592 ~ 9 Crore+"
Uday Kangad,RAJKOT EAST,1,8th Pass,97941686, 15989530,BJP,"Rs 9,79,41,686 ~ 9 Crore+"
Indranil Rajguru,RAJKOT EAST,1,12th Pass,1629289224, 760244890,INC,"Rs 1,62,92,89,224 ~ 162 Crore+"
Rahul Chavda,RAJKOT RURAL (SC),0,8th Pass,25000, 62000,BSP,"Rs 25,000 ~ 25 Thou+"
Solanki Ramjibhai Khimabhai,RAJKOT RURAL (SC),0,Graduate,30000, 0,IND,"Rs 30,000 ~ 30 Thou+"
Dengada Sanjay Pravinbhai,RAJKOT RURAL (SC),0,10th Pass,57000, 0,IND,"Rs 57,000 ~ 57 Thou+"
Bharatbhai Mavjibhai Chavda,RAJKOT RURAL (SC),0,5th Pass,341308, 0,IND,"Rs 3,41,308 ~ 3 Lacs+"
Rathod Sukhdevbhai Mohanbhai,RAJKOT RURAL (SC),0,10th Pass,700000, 0,IND,"Rs 7,00,000 ~ 7 Lacs+"
Babubhai Bhalabhai Babariya,RAJKOT RURAL (SC),0,12th Pass,1015000, 0,IND,"Rs 10,15,000 ~ 10 Lacs+"
Makwana Ranjitbhai Girdharbhai,RAJKOT RURAL (SC),0,10th Pass,3100000, 583810,Vyavastha Parivartan Party,"Rs 31,00,000 ~ 31 Lacs+"
Babubhai Virabhai Parmar,RAJKOT RURAL (SC),0,8th Pass,9906473, 0,IND,"Rs 99,06,473 ~ 99 Lacs+"
Bhanuben Manoharbhai Babariya,RAJKOT RURAL (SC),0,Graduate,27989092, 1602000,BJP,"Rs 2,79,89,092 ~ 2 Crore+"
Bathwar Sureshkumar Karshanbhai,RAJKOT RURAL (SC),0,Graduate Professional,30722894, 8335015,INC,"Rs 3,07,22,894 ~ 3 Crore+"
Vashrambhai Sagathiya,RAJKOT RURAL (SC),2,Graduate,57376886, 1069232,AAP,"Rs 5,73,76,886 ~ 5 Crore+"
Pravinbhai Meghajibhai Dengada,RAJKOT SOUTH,4,Illiterate,62000, 0,IND,"Rs 62,000 ~ 62 Thou+"
Rakesh Patel,RAJKOT SOUTH,0,10th Pass,1316139, 0,IND,"Rs 13,16,139 ~ 13 Lacs+"
Bhumika Pareshbhai Patel,RAJKOT SOUTH,1,Graduate Professional,1755000, 0,IND,"Rs 17,55,000 ~ 17 Lacs+"
Amardas Desani,RAJKOT SOUTH,1,Post Graduate,5777081, 0,IND,"Rs 57,77,081 ~ 57 Lacs+"
Parekh Punitaben Hasmukhbhai,RAJKOT SOUTH,1,5th Pass,28658680, 0,IND,"Rs 2,86,58,680 ~ 2 Crore+"
Shivlal Barasia,RAJKOT SOUTH,0,12th Pass,84412790, 19016376,AAP,"Rs 8,44,12,790 ~ 8 Crore+"
Hitesh Maganbhai Vora,RAJKOT SOUTH,0,10th Pass,134872435, 119070530,INC,"Rs 13,48,72,435 ~ 13 Crore+"
Rameshbhai Virjibhai Tilala,RAJKOT SOUTH,0,5th Pass,1757899705, 86587916,BJP,"Rs 1,75,78,99,705 ~ 175 Crore+"
Bhupendra Bhavanbhai Patoliya,RAJKOT WEST,0,Graduate,, 0,IND,Nil
Mahajan Narendrabhai,RAJKOT WEST,0,8th Pass,19000, 0,IND,"Rs 19,000 ~ 19 Thou+"
Kirtikumar Bavanjibhai Marvaniya,RAJKOT WEST,1,12th Pass,30000, 0,IND,"Rs 30,000 ~ 30 Thou+"
Dengada Pravinbhai Meghjibhai,RAJKOT WEST,4,Illiterate,60000, 0,IND,"Rs 60,000 ~ 60 Thou+"
Prashant Chimanbhai Maru,RAJKOT WEST,1,8th Pass,203600, 40000,IND,"Rs 2,03,600 ~ 2 Lacs+"
Prafulaben R. Shiyaliya,RAJKOT WEST,0,5th Pass,280000, 0,Log Party,"Rs 2,80,000 ~ 2 Lacs+"
Belim Sikandar Husenbhai,RAJKOT WEST,0,8th Pass,1146820, 215000,IND,"Rs 11,46,820 ~ 11 Lacs+"
Vegada Ramjibhai Govindbhai,RAJKOT WEST,0,12th Pass,3045000, 0,IND,"Rs 30,45,000 ~ 30 Lacs+"
Chamanbhai Savsani,RAJKOT WEST,0,8th Pass,4175000, 560865,BSP,"Rs 41,75,000 ~ 41 Lacs+"
Kalariya Mansukhbhai Jadavbhai,RAJKOT WEST,0,Graduate,12504637, 1766707,INC,"Rs 1,25,04,637 ~ 1 Crore+"
Mehul Nathwani,RAJKOT WEST,0,10th Pass,13402378, 4500000,IND,"Rs 1,34,02,378 ~ 1 Crore+"
Dineshkumar Mohanbhai Joshi,RAJKOT WEST,0,8th Pass,47067811, 21146262,AAP,"Rs 4,70,67,811 ~ 4 Crore+"
Dr. Darshita Shah,RAJKOT WEST,0,Post Graduate,100509572, 9004530,BJP,"Rs 10,05,09,572 ~ 10 Crore+"
Bharatkumar Baldaniya,RAJULA,0,12th Pass,26000, 0,AAP,"Rs 26,000 ~ 26 Thou+"
Muktaben Narendrabhai Parmar,RAJULA,0,8th Pass,160630, 0,IND,"Rs 1,60,630 ~ 1 Lacs+"
Puspaben Kamleshbhai Parmar,RAJULA,0,5th Pass,204280, 0,IND,"Rs 2,04,280 ~ 2 Lacs+"
Shwetaben Budhabhai Vaghela,RAJULA,0,Literate,225313, 0,IND,"Rs 2,25,313 ~ 2 Lacs+"
Vijyaben Girishbhai Parmar,RAJULA,0,Illiterate,242202, 0,IND,"Rs 2,42,202 ~ 2 Lacs+"
Gitaben Bharatkumar Parmar,RAJULA,0,8th Pass,264000, 0,IND,"Rs 2,64,000 ~ 2 Lacs+"
Vagh Harsurbhai Valerabhai,RAJULA,0,5th Pass,405000, 0,IND,"Rs 4,05,000 ~ 4 Lacs+"
Champaben Narshibhai Rathod,RAJULA,0,Illiterate,446195, 0,IND,"Rs 4,46,195 ~ 4 Lacs+"
Vagh Shivabhai Bhanabhai,RAJULA,0,5th Pass,655000, 0,IND,"Rs 6,55,000 ~ 6 Lacs+"
Rajeshbhai Natubhai Joshi,RAJULA,0,10th Pass,1044000, 0,IND,"Rs 10,44,000 ~ 10 Lacs+"
Champubhai Dhakhada,RAJULA,1,10th Pass,1390000, 0,Gujarat Nav Nirman Sena,"Rs 13,90,000 ~ 13 Lacs+"
Gaha Majidbhai,RAJULA,0,10th Pass,4373005, 200000,SDPI,"Rs 43,73,005 ~ 43 Lacs+"
Karanbhai Baraiya,RAJULA,1,Literate,24110643, 2996990,IND,"Rs 2,41,10,643 ~ 2 Crore+"
Ambarishkumar Jivabhai Der,RAJULA,1,Graduate,111675653, 4393414,INC,"Rs 11,16,75,653 ~ 11 Crore+"
Hirabhai Odhavjibhai Solanki,RAJULA,1,10th Pass,530573482, 53557367,BJP,"Rs 53,05,73,482 ~ 53 Crore+"
Navinchandra Manji Josarfal,RAPAR,0,10th Pass,244000, 0,IND,"Rs 2,44,000 ~ 2 Lacs+"
Rajeshbhai Babubhai Dudasna,RAPAR,0,12th Pass,260000, 0,IND,"Rs 2,60,000 ~ 2 Lacs+"
Saiyad Hasamsha Umarsha,RAPAR,0,10th Pass,270562, 0,IND,"Rs 2,70,562 ~ 2 Lacs+"
Vaniya Tejabhai Gelabhai,RAPAR,0,Literate,292000, 0,IND,"Rs 2,92,000 ~ 2 Lacs+"
Rameshbhai Punjabhai Patni,RAPAR,0,Literate,351380, 0,IND,"Rs 3,51,380 ~ 3 Lacs+"
Rathod Ambabhai Mayajar,RAPAR,1,Literate,1210000, 0,IND,"Rs 12,10,000 ~ 12 Lacs+"
Amba Paravant Patel,RAPAR,0,8th Pass,1626500, 0,AAP,"Rs 16,26,500 ~ 16 Lacs+"
Mansukh Vajeram Makvana,RAPAR,1,Graduate,1925000, 600000,Gujarat Sarva Samaj Party,"Rs 19,25,000 ~ 19 Lacs+"
Goshwami Sanjaygiri Rameshgiri,RAPAR,1,5th Pass,2840400, 1763000,IND,"Rs 28,40,400 ~ 28 Lacs+"
Virendrasinh Bahadursinh Jadeja,RAPAR,0,8th Pass,45256151, 5078665,BJP,"Rs 4,52,56,151 ~ 4 Crore+"
Bhachubhai Dharamshi Aarethiya,RAPAR,2,10th Pass,974874784, 307501712,INC,"Rs 97,48,74,784 ~ 97 Crore+"
Makvana Bharatbhai Kalubhai,SAVARKUNDLA,0,Literate,110000, 0,Vyavastha Parivartan Party,"Rs 1,10,000 ~ 1 Lacs+"
Saiyad Naushad Rahimmiya Kadri,SAVARKUNDLA,0,Graduate Professional,116500, 0,IND,"Rs 1,16,500 ~ 1 Lacs+"
Bharat Nakarani,SAVARKUNDLA,0,5th Pass,160750, 1938467,AAP,"Rs 1,60,750 ~ 1 Lacs+"
Yunusbhai Dolabhai Jadav,SAVARKUNDLA,0,5th Pass,160927, 0,IND,"Rs 1,60,927 ~ 1 Lacs+"
Kishor Bagada,SAVARKUNDLA,0,12th Pass,180000, 0,IND,"Rs 1,80,000 ~ 1 Lacs+"
Nanalal Kalidas Maheta,SAVARKUNDLA,0,8th Pass,228000, 0,Rashtriya Samaj Dal (R),"Rs 2,28,000 ~ 2 Lacs+"
Shabbirbhai Alarakhbhai Malek (Pintubhai Malek),SAVARKUNDLA,1,8th Pass,1230128, 0,IND,"Rs 12,30,128 ~ 12 Lacs+"
Geetaben Najabhai Maru,SAVARKUNDLA,0,12th Pass,1434000, 236700,BSP,"Rs 14,34,000 ~ 14 Lacs+"
Haku Vala,SAVARKUNDLA,1,8th Pass,1654000, 0,IND,"Rs 16,54,000 ~ 16 Lacs+"
Kaswala Mahesh,SAVARKUNDLA,0,Post Graduate,94500686, 27982598,BJP,"Rs 9,45,00,686 ~ 9 Crore+"
Pratap Dudhat,SAVARKUNDLA,0,10th Pass,189320699, 75369504,INC,"Rs 18,93,20,699 ~ 18 Crore+"
Irfanbhai Arahemanbhai Mugal,SOMNATH,0,8th Pass,135000, 0,IND,"Rs 1,35,000 ~ 1 Lacs+"
Asatarbhai Aganibhai Panja,SOMNATH,0,5th Pass,170000, 0,IND,"Rs 1,70,000 ~ 1 Lacs+"
Ambechada Hamirbhai Karasanbhai,SOMNATH,0,10th Pass,1259000, 195000,BSP,"Rs 12,59,000 ~ 12 Lacs+"
Motivarash Devendrabhai Dhanjibhai,SOMNATH,0,Graduate,20714000, 10580000,IND,"Rs 2,07,14,000 ~ 2 Crore+"
Chudasama Vimalbhai Kanabhai,SOMNATH,1,Graduate,22131827, 1263359,INC,"Rs 2,21,31,827 ~ 2 Crore+"
Ishwarlal Kanjibhai Soneri,SOMNATH,0,Graduate Professional,28545100, 18018000,IND,"Rs 2,85,45,100 ~ 2 Crore+"
Mansinghbhai Meramanbhai Parmar,SOMNATH,0,Graduate Professional,32698374, 15862387,BJP,"Rs 3,26,98,374 ~ 3 Crore+"
Shah Uday Navinbhai,SOMNATH,0,Graduate,35021001, 4700000,IND,"Rs 3,50,21,001 ~ 3 Crore+"
Jagmalbhai Jadavbhai Vala,SOMNATH,5,8th Pass,259064900, 221938858,AAP,"Rs 25,90,64,900 ~ 25 Crore+"
Samir Fakruddin Shaikh,SURAT EAST,0,8th Pass,6500, 0,IND,"Rs 6,500 ~ 6 Thou+"
Mohamad Faiz Mohamad Faruq Mulla,SURAT EAST,1,8th Pass,35000, 0,IND,"Rs 35,000 ~ 35 Thou+"
Patel Minhaj Yunusbhai,SURAT EAST,0,12th Pass,59220, 0,IND,"Rs 59,220 ~ 59 Thou+"
Nurubhai Shakurbhai Shaikh,SURAT EAST,0,Illiterate,65000, 0,IND,"Rs 65,000 ~ 65 Thou+"
Mansur Ahmad Chashmawala,SURAT EAST,0,8th Pass,100400, 0,SP,"Rs 1,00,400 ~ 1 Lacs+"
Pathan Riyazkhan Abdulkhan,SURAT EAST,0,8th Pass,128500, 0,IND,"Rs 1,28,500 ~ 1 Lacs+"
Karimkhan Rahimkhan Pathan,SURAT EAST,0,Literate,154500, 0,Bharatiya Bahujan Congress,"Rs 1,54,500 ~ 1 Lacs+"
Ibrahim Yakub Nagori,SURAT EAST,0,8th Pass,200000, 0,IND,"Rs 2,00,000 ~ 2 Lacs+"
Kher Paresh Anandbhai,SURAT EAST,0,8th Pass,225000, 30000,IND,"Rs 2,25,000 ~ 2 Lacs+"
Shahabudin Jainudin Malbari,SURAT EAST,2,Literate,238000, 0,IND,"Rs 2,38,000 ~ 2 Lacs+"
Abdulsamad Abdulmajid Munshi,SURAT EAST,0,12th Pass,628100, 0,BSP,"Rs 6,28,100 ~ 6 Lacs+"
Aslam Firozbhai Cyclewala,SURAT EAST,4,10th Pass,2355000, 0,INC,"Rs 23,55,000 ~ 23 Lacs+"
Wasim Ikbalbhai Khokar (Kureshi),SURAT EAST,0,8th Pass,19252662, 1761046,All India Majlis-E-Ittehadul Muslimeen,"Rs 1,92,52,662 ~ 1 Crore+"
Arvind Shantilal Rana,SURAT EAST,0,12th Pass,56333105, 0,BJP,"Rs 5,63,33,105 ~ 5 Crore+"
Aarjubi Rauf Shah,SURAT NORTH,0,10th Pass,15000, 0,IND,"Rs 15,000 ~ 15 Thou+"
Sirajkhan Pathan,SURAT NORTH,0,Illiterate,19000, 0,IND,"Rs 19,000 ~ 19 Thou+"
Mohammad Juned Memon,SURAT NORTH,0,Illiterate,24000, 0,IND,"Rs 24,000 ~ 24 Thou+"
Mohammad Imtiyaz Yusuf Bhai Shaikh,SURAT NORTH,0,5th Pass,130000, 48000,IND,"Rs 1,30,000 ~ 1 Lacs+"
Anish Ahmad Moriswala,SURAT NORTH,0,8th Pass,148600, 0,Log Party,"Rs 1,48,600 ~ 1 Lacs+"
Achchha Saeedbhai Yusufbhai,SURAT NORTH,0,5th Pass,607000, 975000,BSP,"Rs 6,07,000 ~ 6 Lacs+"
Mahendra Navadiya,SURAT NORTH,2,8th Pass,27322878, 0,AAP,"Rs 2,73,22,878 ~ 2 Crore+"
Ashok Patel (Adhevada),SURAT NORTH,1,8th Pass,28832716, 3600629,INC,"Rs 2,88,32,716 ~ 2 Crore+"
Kantibhai Himmatbhai Balar,SURAT NORTH,0,Literate,540715015, 34942639,BJP,"Rs 54,07,15,015 ~ 54 Crore+"
Vimal Raju Uttpure,SURAT WEST,0,5th Pass,41000, 0,BSP,"Rs 41,000 ~ 41 Thou+"
Mohamad Asfaq Iqbal Shekh,SURAT WEST,0,8th Pass,101832, 0,IND,"Rs 1,01,832 ~ 1 Lacs+"
Mohammad Umarji Khadakiwala,SURAT WEST,0,8th Pass,295000, 0,IND,"Rs 2,95,000 ~ 2 Lacs+"
Farzan Allarakha Meman,SURAT WEST,0,5th Pass,365000, 0,IND,"Rs 3,65,000 ~ 3 Lacs+"
Kamalshah Fakir,SURAT WEST,0,5th Pass,440000, 0,IND,"Rs 4,40,000 ~ 4 Lacs+"
Mohammed Zakir Nizamuddin Shaikh,SURAT WEST,0,5th Pass,1085000, 75000,SP,"Rs 10,85,000 ~ 10 Lacs+"
Sanjay R. Shah (Patva),SURAT WEST,0,8th Pass,3369292, 0,INC,"Rs 33,69,292 ~ 33 Lacs+"
Amish Narayanbhai Chunawala,SURAT WEST,0,Graduate,8435000, 206000,IND,"Rs 84,35,000 ~ 84 Lacs+"
Moxesh Rameshchandra Sanghavi,SURAT WEST,0,12th Pass,12888247, 9909259,AAP,"Rs 1,28,88,247 ~ 1 Crore+"
Purnesh Modi,SURAT WEST,0,Graduate Professional,19838118, 3401428,BJP,"Rs 1,98,38,118 ~ 1 Crore+"
Haribhai Rathod,TALAJA,0,10th Pass,62182, 0,IND,"Rs 62,182 ~ 62 Thou+"
Karamashi Jabucha,TALAJA,1,8th Pass,266350, 0,IND,"Rs 2,66,350 ~ 2 Lacs+"
Kachaliya Nazirbhai,TALAJA,0,5th Pass,915368, 0,IND,"Rs 9,15,368 ~ 9 Lacs+"
Anopsinh Gohil,TALAJA,0,Literate,940000, 90000,IND,"Rs 9,40,000 ~ 9 Lacs+"
Jayantibhai Makvana,TALAJA,0,8th Pass,1224500, 231660,IND,"Rs 12,24,500 ~ 12 Lacs+"
Chauhan Sunilbhai,TALAJA,3,10th Pass,1373400, 0,IND,"Rs 13,73,400 ~ 13 Lacs+"
Gautambhai Chauhan,TALAJA,0,10th Pass,4080522, 0,BJP,"Rs 40,80,522 ~ 40 Lacs+"
Kanubhai Baraiya,TALAJA,0,Graduate Professional,11084416, 430181,INC,"Rs 1,10,84,416 ~ 1 Crore+"
Jilubhai Bhammar,TALAJA,1,Graduate,11215096, 3625000,IND,"Rs 1,12,15,096 ~ 1 Crore+"
Laluben Chauhan,TALAJA,0,12th Pass,28739230, 2167253,AAP,"Rs 2,87,39,230 ~ 2 Crore+"
Rafai Mahmadsha Ikbalsha,TALALA,0,8th Pass,250000, 0,IND,"Rs 2,50,000 ~ 2 Lacs+"
Jayeshbhai Bhagvanbhai Kamaliya,TALALA,0,8th Pass,285000, 161000,IND,"Rs 2,85,000 ~ 2 Lacs+"
Daki Jaysukhlal Jadavbhai,TALALA,0,10th Pass,918000, 0,IND,"Rs 9,18,000 ~ 9 Lacs+"
Faijal Ibrahimbhai Dhamlot,TALALA,0,12th Pass,1220500, 0,IND,"Rs 12,20,500 ~ 12 Lacs+"
Parmar Faridaben Muradbhai,TALALA,0,8th Pass,1645000, 0,BSP,"Rs 16,45,000 ~ 16 Lacs+"
Chandpa Karshanbhai Govindbhai,TALALA,0,5th Pass,5040000, 435000,IND,"Rs 50,40,000 ~ 50 Lacs+"
Solanki Devendrabhai Kanjibhai,TALALA,0,Graduate Professional,5845748, 1760931,AAP,"Rs 58,45,748 ~ 58 Lacs+"
Abdulbhai Ismailbhai Majgul,TALALA,1,5th Pass,6335000, 60000,IND,"Rs 63,35,000 ~ 63 Lacs+"
Dodiya Mansingbhai Jesingbhai,TALALA,0,Graduate,74325533, 25443049,INC,"Rs 7,43,25,533 ~ 7 Crore+"
Bhagabhai Dhanabhai Barad,TALALA,0,Graduate,124739689, 8984847,BJP,"Rs 12,47,39,689 ~ 12 Crore+"
Parmar Shailesh Manubhai,TANKARA,0,12th Pass,175500, 0,Vyavastha Parivartan Party,"Rs 1,75,500 ~ 1 Lacs+"
Chanani Mushabhai Abharambhai,TANKARA,0,Illiterate,740000, 0,BSP,"Rs 7,40,000 ~ 7 Lacs+"
Sanjay Bhatasana (Patel),TANKARA,0,8th Pass,23895239, 22184611,AAP,"Rs 2,38,95,239 ~ 2 Crore+"
Durlabhjibhai Harakhjibhai Dethariya,TANKARA,0,10th Pass,53138832, 15127538,BJP,"Rs 5,31,38,832 ~ 5 Crore+"
Kagathara Lalitbhai,TANKARA,0,Graduate,101311764, 74639088,INC,"Rs 10,13,11,764 ~ 10 Crore+"
Faimida Yunus Shaikh,UDHNA,0,Illiterate,54000, 1772,IND,"Rs 54,000 ~ 54 Thou+"
Ejaz Aslambhai Mistry,UDHNA,0,8th Pass,77000, 0,IND,"Rs 77,000 ~ 77 Thou+"
Pathan Badshahkhan Altafkhan,UDHNA,0,12th Pass,225000, 0,Bharatiya Bahujan Congress,"Rs 2,25,000 ~ 2 Lacs+"
Ashaben Vinodbhai Mangale,UDHNA,0,5th Pass,245000, 0,IND,"Rs 2,45,000 ~ 2 Lacs+"
Shaikh Iqbal Hamid,UDHNA,1,Illiterate,298000, 0,IND,"Rs 2,98,000 ~ 2 Lacs+"
Mohammad Baldar Shah,UDHNA,1,5th Pass,800000, 0,IND,"Rs 8,00,000 ~ 8 Lacs+"
Mahendrabhai Ravanbhai Patil,UDHNA,1,Graduate,16814826, 1328054,AAP,"Rs 1,68,14,826 ~ 1 Crore+"
Suresh Mohan Sonvane,UDHNA,0,10th Pass,17409000, 800000,BSP,"Rs 1,74,09,000 ~ 1 Crore+"
Manubhai M. Patel (Fogwa),UDHNA,0,8th Pass,69179013, 251550,BJP,"Rs 6,91,79,013 ~ 6 Crore+"
Dhansukhbhai Bhagvatiprasad Rajput,UDHNA,0,12th Pass,163389912, 330000,INC,"Rs 16,33,89,912 ~ 16 Crore+"
Vaghat Ravindrabhai Somabhai,UMBERGAON (ST),0,10th Pass,30000, 0,Bhartiya Tribal Party,"Rs 30,000 ~ 30 Thou+"
Bochal Hasmukhbhai Ramanbhai,UMBERGAON (ST),0,10th Pass,687063, 0,CPI(M),"Rs 6,87,063 ~ 6 Lacs+"
Mohanbhai Raviyabhai Kohkeriya,UMBERGAON (ST),0,10th Pass,4611480, 30000,CPI(ML)(L),"Rs 46,11,480 ~ 46 Lacs+"
Ashokbhai Mohanbhai Patel,UMBERGAON (ST),0,12th Pass,6840411, 0,AAP,"Rs 68,40,411 ~ 68 Lacs+"
Nareshbhai Vajirbhai Vadvi,UMBERGAON (ST),0,10th Pass,15300000, 5300000,INC,"Rs 1,53,00,000 ~ 1 Crore+"
Patkar Ramanlal Nanubhai,UMBERGAON (ST),0,8th Pass,32866468, 1500000,BJP,"Rs 3,28,66,468 ~ 3 Crore+"
Panchabhai Damaniya,UNA,0,5th Pass,25000, 0,IND,"Rs 25,000 ~ 25 Thou+"
Nilesh Khorashi,UNA,4,Graduate,50000, 255000,IND,"Rs 50,000 ~ 50 Thou+"
Vansh Balubhai,UNA,0,5th Pass,160000, 0,IND,"Rs 1,60,000 ~ 1 Lacs+"
Shantilal Kidecha,UNA,0,8th Pass,1030000, 50000,Rashtriya Samaj Dal (R),"Rs 10,30,000 ~ 10 Lacs+"
Vala Bhanjibhai,UNA,0,8th Pass,1591000, 0,IND,"Rs 15,91,000 ~ 15 Lacs+"
Gohil Mansinh,UNA,0,12th Pass,3392743, 496000,IND,"Rs 33,92,743 ~ 33 Lacs+"
Ishwar Solanki,UNA,0,12th Pass,4509277, 835000,Right to Recall Party,"Rs 45,09,277 ~ 45 Lacs+"
Sejalben Khunt,UNA,0,Post Graduate,15032665, 1745111,AAP,"Rs 1,50,32,665 ~ 1 Crore+"
Vansh Punjabhai,UNA,0,12th Pass,37402796, 12396957,INC,"Rs 3,74,02,796 ~ 3 Crore+"
Kalubhai Rathod,UNA,1,12th Pass,66739093, 16452595,BJP,"Rs 6,67,39,093 ~ 6 Crore+"
Ilyas Yusuf Mansuri,VAGRA,1,5th Pass,61000, 0,Bhartiya Tribal Party,"Rs 61,000 ~ 61 Thou+"
Gohil Chetanbhai Chhaganbhai,VAGRA,0,12th Pass,2561000, 70000,IND,"Rs 25,61,000 ~ 25 Lacs+"
Ikbal Mohmedbhai Bhomli,VAGRA,0,5th Pass,2939000, 0,IND,"Rs 29,39,000 ~ 29 Lacs+"
Jayendrasinh Laxmansinh Raj,VAGRA,1,12th Pass,3010816, 0,AAP,"Rs 30,10,816 ~ 30 Lacs+"
Mubarak Ismail Dashu,VAGRA,2,8th Pass,3078332, 100000,IND,"Rs 30,78,332 ~ 30 Lacs+"
Kamleshbhai S. Madhiwala,VAGRA,0,Graduate Professional,4409949, 0,IND,"Rs 44,09,949 ~ 44 Lacs+"
Talati Mustak Ismail,VAGRA,2,8th Pass,7429202, 515000,IND,"Rs 74,29,202 ~ 74 Lacs+"
Suleman Patel,VAGRA,0,10th Pass,51243592, 5250000,INC,"Rs 5,12,43,592 ~ 5 Crore+"
Arunsinh Ajitsinh Rana,VAGRA,0,10th Pass,163450840, 6126066,BJP,"Rs 16,34,50,840 ~ 16 Crore+"
Kamleshbhai Bharatbhai Yogi,VALSAD,0,10th Pass,27200, 0,SP,"Rs 27,200 ~ 27 Thou+"
Rajeshbhai Thakorbhai Gohil,VALSAD,0,8th Pass,506000, 0,Bharatiya Republican Paksha,"Rs 5,06,000 ~ 5 Lacs+"
Rajeshbhai Mangubhai Patel,VALSAD,3,5th Pass,4016726, 432825,AAP,"Rs 40,16,726 ~ 40 Lacs+"
Hemantkumar Gopalbhai Tandel,VALSAD,0,Others,7768838, 0,Rashtriya Samaj Paksha,"Rs 77,68,838 ~ 77 Lacs+"
Mahesh Vinayakray Acharya,VALSAD,0,Graduate Professional,29683260, 300000,Praja Vijay Paksh,"Rs 2,96,83,260 ~ 2 Crore+"
Bharatbhai Kikubhai Patel,VALSAD,0,Post Graduate,31404528, 538758,BJP,"Rs 3,14,04,528 ~ 3 Crore+"
Kamalbhai Shantilal Patel,VALSAD,1,8th Pass,36299790, 7100000,INC,"Rs 3,62,99,790 ~ 3 Crore+"
Alpeshkumar Chhotubhai Patel,VANSDA (ST),0,10th Pass,25000, 0,Bahujan Republican Socialist Party,"Rs 25,000 ~ 25 Thou+"
Manakbhai Jatrubhai Sanakar,VANSDA (ST),0,10th Pass,30000, 0,BSP,"Rs 30,000 ~ 30 Thou+"
Pankajbhai Chandubhai Patel,VANSDA (ST),0,12th Pass,4435000, 1351003,AAP,"Rs 44,35,000 ~ 44 Lacs+"
Piyushkumar Kantilal Patel,VANSDA (ST),0,Post Graduate,16446679, 4486205,BJP,"Rs 1,64,46,679 ~ 1 Crore+"
Anantkumar Hasmukhbhai Patel,VANSDA (ST),5,Post Graduate,19821514, 1275000,INC,"Rs 1,98,21,514 ~ 1 Crore+"
Mahajan Pratibhaben Pankajbhai,VARACHHA ROAD,0,12th Pass,130000, 0,Sardar Vallabhbhai Patel Party,"Rs 1,30,000 ~ 1 Lacs+"
Pyarelal Bharti,VARACHHA ROAD,0,10th Pass,390480, 13332,BSP,"Rs 3,90,480 ~ 3 Lacs+"
Alpesh Kathiriya,VARACHHA ROAD,13,Graduate,1114216, 0,AAP,"Rs 11,14,216 ~ 11 Lacs+"
Prafulbhai Togadiya (Papanbhai),VARACHHA ROAD,0,5th Pass,12095170, 1337520,INC,"Rs 1,20,95,170 ~ 1 Crore+"
Kishor Kanani (Kumar),VARACHHA ROAD,0,8th Pass,13489258, 1025000,BJP,"Rs 1,34,89,258 ~ 1 Crore+"
Ikbalbhai Habibbhai Sama,VISAVADAR,0,10th Pass,208961, 0,IND,"Rs 2,08,961 ~ 2 Lacs+"
Vaghela Mansukhbhai Nathabhai,VISAVADAR,0,8th Pass,639000, 0,BSP,"Rs 6,39,000 ~ 6 Lacs+"
Bhupendrabhai Gandubhai Bhayani,VISAVADAR,1,10th Pass,6497524, 1365762,AAP,"Rs 64,97,524 ~ 64 Lacs+"
Harshadkumar Madhavjibhai Ribadiya,VISAVADAR,0,10th Pass,19957034, 2397376,BJP,"Rs 1,99,57,034 ~ 1 Crore+"
Karashanbhai Naranbhai Vadadoriya,VISAVADAR,0,Graduate,21784929, 1000000,INC,"Rs 2,17,84,929 ~ 2 Crore+"
Rakeshbhai Sureshbhai Gamit,VYARA (ST),0,8th Pass,1000, 0,BSP,"Rs 1,000 ~ 1 Thou+"
Jimikumar Rajenbhai Patel,VYARA (ST),0,Graduate Professional,56000, 0,IND,"Rs 56,000 ~ 56 Thou+"
Umedbhai Bhimsingbhai Gamit,VYARA (ST),0,8th Pass,240000, 0,IND,"Rs 2,40,000 ~ 2 Lacs+"
Sunilbhai Nagajibhai Gamit,VYARA (ST),0,Graduate Professional,1000000, 0,Bhartiya Tribal Party,"Rs 10,00,000 ~ 10 Lacs+"
Kokani Mohanbhai Dhedabhai,VYARA (ST),0,Post Graduate,1856590, 0,BJP,"Rs 18,56,590 ~ 18 Lacs+"
Bipinchandra Khushalbhai Chaudhari,VYARA (ST),0,Post Graduate,4972861, 6100000,AAP,"Rs 49,72,861 ~ 49 Lacs+"
Gamit Punabhai Dhedabhai,VYARA (ST),0,5th Pass,9660309, 2045827,INC,"Rs 96,60,309 ~ 96 Lacs+"
Satrotiya Vinodbhai Babubhai,WADHWAN,0,8th Pass,50000, 0,IND,"Rs 50,000 ~ 50 Thou+"
Satvara Chohan Jayesh Laljibhai Patrakar,WADHWAN,0,5th Pass,74500, 0,Vyavastha Parivartan Party,"Rs 74,500 ~ 74 Thou+"
Katiya Salimbhai Harunbhai,WADHWAN,0,Literate,148100, 0,IND,"Rs 1,48,100 ~ 1 Lacs+"
Chavda Nileshbhai Mansukhbhai,WADHWAN,0,10th Pass,167000, 0,Rashtra Nirman Party,"Rs 1,67,000 ~ 1 Lacs+"
Vaghela Tulshibhai Shivabhai,WADHWAN,0,10th Pass,1575000, 700000,IND,"Rs 15,75,000 ~ 15 Lacs+"
Bhavanbhai Devjibhai Vora,WADHWAN,0,Graduate,2122000, 0,IND,"Rs 21,22,000 ~ 21 Lacs+"
Parmar Balvantray Lagharbhai,WADHWAN,0,Graduate,2695894, 66000,IND,"Rs 26,95,894 ~ 26 Lacs+"
Solanki Pravinbhai Motibhai,WADHWAN,0,5th Pass,3065500, 25000,BSP,"Rs 30,65,500 ~ 30 Lacs+"
Jagdishbhai Prabhubhai Makwana,WADHWAN,0,Graduate,15222987, 1450000,BJP,"Rs 1,52,22,987 ~ 1 Crore+"
Gadhvi Tarunbhai Biharidan,WADHWAN,0,12th Pass,15493465, 0,INC,"Rs 1,54,93,465 ~ 1 Crore+"
Hitendrakumar Bhagvanajibhai Patel,WADHWAN,1,Others,23940000, 7000000,AAP,"Rs 2,39,40,000 ~ 2 Crore+"
Merambhai Karmanbhai Varu,WANKANER,0,8th Pass,47000, 0,IND,"Rs 47,000 ~ 47 Thou+"
Ajadia Prakash Naranbhai,WANKANER,0,Graduate Professional,65000, 0,Rashtriya Jankranti Party,"Rs 65,000 ~ 65 Thou+"
Vallabhbhai Karsanbhai Vaghela,WANKANER,0,Illiterate,131000, 0,IND,"Rs 1,31,000 ~ 1 Lacs+"
Narendra Virabhai Dengada,WANKANER,0,8th Pass,150000, 0,IND,"Rs 1,50,000 ~ 1 Lacs+"
Vikram Sorani,WANKANER,0,8th Pass,450000, 20831,AAP,"Rs 4,50,000 ~ 4 Lacs+"
Jeeteshbhai Rupabhai Santola,WANKANER,0,Graduate,487180, 208250,IND,"Rs 4,87,180 ~ 4 Lacs+"
Bhupendra Kanubhai Sagthiya,WANKANER,0,8th Pass,680000, 0,BSP,"Rs 6,80,000 ~ 6 Lacs+"
Rameshbhai Lavajibhai Dabhi,WANKANER,1,Illiterate,746000, 0,IND,"Rs 7,46,000 ~ 7 Lacs+"
Navinbhai Amrutbhai Vora,WANKANER,0,8th Pass,1148000, 0,IND,"Rs 11,48,000 ~ 11 Lacs+"
Hinaben Pravinbhai Raiyani,WANKANER,0,5th Pass,1739000, 1300000,IND,"Rs 17,39,000 ~ 17 Lacs+"
Mahebubbhai Jamalbhai Piparavaiya,WANKANER,0,8th Pass,5677000, 268000,IND,"Rs 56,77,000 ~ 56 Lacs+"
Mahmadjavid Abdulmutlib Pirzada,WANKANER,0,Graduate Professional,8508513, 16000,INC,"Rs 85,08,513 ~ 85 Lacs+"
Jitendra Kantilal Somani,WANKANER,1,5th Pass,37285320, 0,BJP,"Rs 3,72,85,320 ~ 3 Crore+"
