,Candidate,Constituency,Criminal Case,Education,Assets,Liabilities,Party,Total Assets,Male,Serious Criminal Case,Crorepati,Graduate or Above
0,Meghwal Nagshi Khamubhai,ABDASA,0,5th Pass,955000.0, 0,BSP,"Rs 9,55,000 ~ 9 Lacs+",1,0,0,0
1,Mamubhai Mandabhai Rabari,ABDASA,0,8th Pass,1192000.0, 600000,IND,"Rs 11,92,000 ~ 11 Lacs+",1,0,0,0
2,K. D. Jadeja,ABDASA,0,Graduate,1430000.0, 0,Praja Vijay Paksh,"Rs 14,30,000 ~ 14 Lacs+",1,0,0,1
3,Uthar Razak Alimamad,ABDASA,1,Graduate,1561000.0, 300000,IND,"Rs 15,61,000 ~ 15 Lacs+",1,0,0,1
4,Bhanushali Suresh Manji Mange,ABDASA,0,8th Pass,2319200.0, 0,IND,"Rs 23,19,200 ~ 23 Lacs+",1,0,0,0
5,Vasantbhai Valji Khetani,ABDASA,1,8th Pass,3167778.0, 0,AAP,"Rs 31,67,778 ~ 31 Lacs+",1,0,0,0
6,Jat Mamad Jung,ABDASA,0,Literate,3397899.0, 300000,INC,"Rs 33,97,899 ~ 33 Lacs+",1,0,0,0
7,Joshi Jagdishchandra Kakulal,ABDASA,0,10th Pass,12592758.0, 0,SP,"Rs 1,25,92,758 ~ 1 Crore+",1,0,1,0
8,Jadeja Pradhyumansinh Mahipatsinh,ABDASA,0,Literate,13023913.0, 1580000,BJP,"Rs 1,30,23,913 ~ 1 Crore+",1,0,1,0
9,Hakumatsinh Juvansinh Jadeja,ABDASA,0,Graduate,28638807.0, 2019422,IND,"Rs 2,86,38,807 ~ 2 Crore+",1,0,1,1
10,Ravi Dhanani,AMRELI,0,Graduate,1028500.0, 200000,AAP,"Rs 10,28,500 ~ 10 Lacs+",1,0,0,1
11,Vinubhai Chavada,AMRELI,0,5th Pass,2052000.0, 100000,IND,"Rs 20,52,000 ~ 20 Lacs+",1,0,0,0
12,Gohil Mukeshbhai Khimajibhai,AMRELI,0,12th Pass,7131888.0, 0,Vyavastha Parivartan Party,"Rs 71,31,888 ~ 71 Lacs+",1,0,0,0
13,Dhanani Pareshkumar Dhirajlal,AMRELI,0,Graduate,19453081.0, 100000,INC,"Rs 1,94,53,081 ~ 1 Crore+",1,0,1,1
14,Kaushik Kantibhai Vekariya,AMRELI,0,Graduate,35690630.0, 0,BJP,"Rs 3,56,90,630 ~ 3 Crore+",1,0,1,1
15,Ramesh Jakharabhai Kodecha,ANJAR,0,5th Pass,70387.0, 0,IND,"Rs 70,387 ~ 70 Thou+",1,0,0,0
16,Chavda Sudha Bakul,ANJAR,0,Graduate Professional,485000.0, 0,BSP,"Rs 4,85,000 ~ 4 Lacs+",1,0,0,1
17,Roshanali Ibrahim Sandhani,ANJAR,0,5th Pass,845850.0, 70000,SDPI,"Rs 8,45,850 ~ 8 Lacs+",1,0,0,0
18,Arjanbhai Chanabhai Rabari,ANJAR,0,Literate,3696500.0, 1185000,AAP,"Rs 36,96,500 ~ 36 Lacs+",1,0,0,0
19,Kakal Ganibhai Adambhai,ANJAR,2,8th Pass,5600000.0, 2243357,Gujarat Sarva Samaj Party,"Rs 56,00,000 ~ 56 Lacs+",1,1,0,0
20,Chhanga Trikam Bijal,ANJAR,0,Graduate Professional,9931399.0, 499406,BJP,"Rs 99,31,399 ~ 99 Lacs+",1,0,0,1
21,Dangar Rameshbhai Shamjibhai,ANJAR,1,5th Pass,28503885.0, 8603096,INC,"Rs 2,85,03,885 ~ 2 Crore+",1,1,1,0
22,Jitendrasingh Rajawat,ANKLESHWAR,0,10th Pass,5742378.0, 1200000,Praja Vijay Paksh,"Rs 57,42,378 ~ 57 Lacs+",1,0,0,0
23,Ankurkumar Laxmanbhai Patel,ANKLESHWAR,0,Others,17414200.0, 2000000,AAP,"Rs 1,74,14,200 ~ 1 Crore+",1,0,1,0
24,Vijaysinh Thakorbhai Patel (Vallabhdas),ANKLESHWAR,2,Graduate,26357525.0, 514286,INC,"Rs 2,63,57,525 ~ 2 Crore+",1,1,1,1
25,Ishwarsinh Thakorbhai Patel,ANKLESHWAR,0,Graduate,47887600.0, 7420975,BJP,"Rs 4,78,87,600 ~ 4 Crore+",1,0,1,1
26,Rathod Dineshkumar Lallubhai,BARDOLI (SC),0,8th Pass,719877.0, 0,IND,"Rs 7,19,877 ~ 7 Lacs+",1,0,0,0
27,Sushilaben Rameshbhai Wagh,BARDOLI (SC),0,Graduate Professional,15075000.0, 566000,BSP,"Rs 1,50,75,000 ~ 1 Crore+",0,0,1,1
28,Rajendraprasad Solanki Alias Raju Morthana,BARDOLI (SC),0,Others,17369741.0, 1174098,AAP,"Rs 1,73,69,741 ~ 1 Crore+",1,0,1,0
29,Ishvarbhai Alias Anilbhai Ramanbhai Parmar,BARDOLI (SC),0,10th Pass,21655555.0, 2577012,BJP,"Rs 2,16,55,555 ~ 2 Crore+",1,0,1,0
30,Pannaben Anilbhai Patel,BARDOLI (SC),0,10th Pass,22652891.0, 0,INC,"Rs 2,26,52,891 ~ 2 Crore+",0,0,1,0
31,Mansuri Sahilhushen Ismailbhai,BHARUCH,0,8th Pass,14000.0, 0,IND,"Rs 14,000 ~ 14 Thou+",1,0,0,0
32,Mirza Abidbeg Yasinbeg,BHARUCH,0,Literate,58500.0, 8100,IND,"Rs 58,500 ~ 58 Thou+",1,0,0,0
33,Vasava Sureshbhai Gordhandas,BHARUCH,0,5th Pass,2027000.0, 0,IND,"Rs 20,27,000 ~ 20 Lacs+",1,0,0,0
34,Vasava Bhagatsinh Jesingbhai,BHARUCH,0,Graduate Professional,3620120.0, 478000,IND,"Rs 36,20,120 ~ 36 Lacs+",1,0,0,1
35,Manharbhai Maganbhai Parmar,BHARUCH,0,12th Pass,13900000.0, 525000,AAP,"Rs 1,39,00,000 ~ 1 Crore+",1,0,1,0
36,Rameshbhai Narandas Mistry,BHARUCH,2,10th Pass,18600244.0, 0,BJP,"Rs 1,86,00,244 ~ 1 Crore+",1,1,1,0
37,Jaykantbhai Bahecharbhai Patel,BHARUCH,0,5th Pass,38954297.0, 800000,INC,"Rs 3,89,54,297 ~ 3 Crore+",1,0,1,0
38,Harsh Jagdishbhai Goklani,BHAVNAGAR EAST,0,12th Pass,204677.0, 0,IND,"Rs 2,04,677 ~ 2 Lacs+",1,0,0,0
39,Baldev Mavjibhai Solanki,BHAVNAGAR EAST,0,Graduate,732539.0, 0,INC,"Rs 7,32,539 ~ 7 Lacs+",1,0,0,1
40,Dharamshibhai Ramjibhai Dhapa,BHAVNAGAR EAST,4,10th Pass,3040000.0, 110000,Vyavastha Parivartan Party,"Rs 30,40,000 ~ 30 Lacs+",1,1,0,0
41,Kishorsinh Bhartsinh Gohil,BHAVNAGAR EAST,2,12th Pass,3910000.0, 2240000,BSP,"Rs 39,10,000 ~ 39 Lacs+",1,0,0,0
42,Sejalben Rajivkumar Pandya,BHAVNAGAR EAST,0,Graduate,4305247.0, 0,BJP,"Rs 43,05,247 ~ 43 Lacs+",0,0,0,1
43,Arun Mehta,BHAVNAGAR EAST,0,Graduate,4310000.0, 0,CPI(M),"Rs 43,10,000 ~ 43 Lacs+",1,0,0,1
44,Hamir Rathod (Master),BHAVNAGAR EAST,4,Graduate,11036312.0, 5557562,AAP,"Rs 1,10,36,312 ~ 1 Crore+",1,1,1,1
45,Mrudangrajsinh Mulrajsinh Chudasama,BHAVNAGAR EAST,0,Graduate Professional,29245000.0, 2600000,Right to Recall Party,"Rs 2,92,45,000 ~ 2 Crore+",1,0,1,1
46,Parmar Rajeshkumar P.,BHAVNAGAR RURAL,0,12th Pass,57500.0, 0,Rashtriya Hind Ekta Dal,"Rs 57,500 ~ 57 Thou+",1,0,0,0
47,Makwana Ashokbhai Gobarbhai,BHAVNAGAR RURAL,0,8th Pass,785000.0, 0,BSP,"Rs 7,85,000 ~ 7 Lacs+",1,0,0,0
48,Hemantsinh Karansinh Gohil(Hembha),BHAVNAGAR RURAL,0,Literate,3057969.0, 0,IND,"Rs 30,57,969 ~ 30 Lacs+",1,0,0,0
49,Gohil Khumansinh Natubha,BHAVNAGAR RURAL,0,8th Pass,3394500.0, 20000,AAP,"Rs 33,94,500 ~ 33 Lacs+",1,0,0,0
50,Gohil Revatsinh Batukbha(Hoidad),BHAVNAGAR RURAL,0,12th Pass,27201225.0, 13849115,INC,"Rs 2,72,01,225 ~ 2 Crore+",1,0,1,0
51,Parshottambhai O. Solanki,BHAVNAGAR RURAL,3,Others,535208999.0, 89317000,BJP,"Rs 53,52,08,999 ~ 53 Crore+",1,1,1,0
52,Jayaben Mehulbhai Boricha,BHAVNAGAR WEST,0,8th Pass,3000.0, 0,IND,"Rs 3,000 ~ 3 Thou+",0,0,0,0
53,Solanki Savitaben Rameshbhai,BHAVNAGAR WEST,0,Illiterate,12000.0, 0,IND,"Rs 12,000 ~ 12 Thou+",0,0,0,0
54,Shekh Yunusbhai Mohamedzakariya,BHAVNAGAR WEST,0,12th Pass,31000.0, 0,CPI,"Rs 31,000 ~ 31 Thou+",1,0,0,0
55,Solanki Rajeshbhai Shantilal,BHAVNAGAR WEST,0,Literate,51808.0, 0,IND,"Rs 51,808 ~ 51 Thou+",1,0,0,0
56,Gopal Najabhai Boliya,BHAVNAGAR WEST,1,10th Pass,70000.0, 3526,IND,"Rs 70,000 ~ 70 Thou+",1,0,0,0
57,Manharbhai Kanjibhai Rathod,BHAVNAGAR WEST,5,10th Pass,120000.0, 53264,CPI(M),"Rs 1,20,000 ~ 1 Lacs+",1,1,0,0
58,Rathod Ashokbhai Gambhirbhai,BHAVNAGAR WEST,0,5th Pass,163609.0, 122700,IND,"Rs 1,63,609 ~ 1 Lacs+",1,0,0,0
59,Yasminben Dilavrbhai Malek,BHAVNAGAR WEST,0,5th Pass,350200.0, 0,IND,"Rs 3,50,200 ~ 3 Lacs+",0,0,0,0
60,Sarfraj Rustambhai Kureshi,BHAVNAGAR WEST,0,10th Pass,406000.0, 64091,IND,"Rs 4,06,000 ~ 4 Lacs+",1,0,0,0
61,Dineshbhai Lakhabhai Rathod,BHAVNAGAR WEST,0,Literate,560000.0, 0,BSP,"Rs 5,60,000 ~ 5 Lacs+",1,0,0,0
62,Mansukhbhai Malubhai Solanki,BHAVNAGAR WEST,0,Literate,605379.0, 293615,IND,"Rs 6,05,379 ~ 6 Lacs+",1,0,0,0
63,Rajenbhai Shankarbhai Solanki,BHAVNAGAR WEST,0,12th Pass,2040191.0, 100000,AAP,"Rs 20,40,191 ~ 20 Lacs+",1,0,0,0
64,Baraiya Gobarbhai Kanjibhai,BHAVNAGAR WEST,1,Literate,4533000.0, 65000,Vyavastha Parivartan Party,"Rs 45,33,000 ~ 45 Lacs+",1,0,0,0
65,Jitendrabhai Savajibhai Vaghani,BHAVNAGAR WEST,4,Graduate Professional,85281993.0, 21664960,BJP,"Rs 8,52,81,993 ~ 8 Crore+",1,0,1,1
66,Kishorsinh Kumbhajibhai Gohil,BHAVNAGAR WEST,2,10th Pass,97241006.0, 9833207,INC,"Rs 9,72,41,006 ~ 9 Crore+",1,1,1,0
67,Mehulraj Bharatsinh Rathod,BHUJ,0,8th Pass,54000.0, 106000,Praja Vijay Paksh,"Rs 54,000 ~ 54 Thou+",1,0,0,0
68,Saiyad Jusabsha Mamadsha,BHUJ,0,5th Pass,309000.0, 0,BSP,"Rs 3,09,000 ~ 3 Lacs+",1,0,0,0
69,Bhupendra Babulal Joshi,BHUJ,0,5th Pass,340261.0, 75000,IND,"Rs 3,40,261 ~ 3 Lacs+",1,0,0,0
70,Node Kasam Mohammad,BHUJ,0,5th Pass,457952.0, 0,Right to Recall Party,"Rs 4,57,952 ~ 4 Lacs+",1,0,0,0
71,Osman Ishabhai Kumbhar,BHUJ,0,Illiterate,565000.0, 0,IND,"Rs 5,65,000 ~ 5 Lacs+",1,0,0,0
72,Sakil Mahamad Sama,BHUJ,1,12th Pass,1146000.0, 500000,All India Majlis-E-Ittehadul Muslimeen,"Rs 11,46,000 ~ 11 Lacs+",1,1,0,0
73,Theba Husen Mamad,BHUJ,0,Literate,2125000.0, 577620,IND,"Rs 21,25,000 ~ 21 Lacs+",1,0,0,0
74,Rajesh Kesara Pindoria,BHUJ,0,12th Pass,5384870.0, 964669,AAP,"Rs 53,84,870 ~ 53 Lacs+",1,0,0,0
75,Arjan Bhudiya,BHUJ,1,8th Pass,24260519.0, 1240000,INC,"Rs 2,42,60,519 ~ 2 Crore+",1,0,1,0
76,Keshubhai Shivdas Patel,BHUJ,0,5th Pass,63392215.0, 1024000,BJP,"Rs 6,33,92,215 ~ 6 Crore+",1,0,1,0
77,Khambhaliya Kishorbhai Ramnikbhai,BOTAD,0,Literate,55000.0, 0,IND,"Rs 55,000 ~ 55 Thou+",1,0,0,0
78,Meghjibhai Vithalbhai Talsaniya,BOTAD,0,5th Pass,100000.0, 0,IND,"Rs 1,00,000 ~ 1 Lacs+",1,0,0,0
79,Chauhan Kamleshbhai Arjanbhai,BOTAD,1,5th Pass,146000.0, 950000,Vyavastha Parivartan Party,"Rs 1,46,000 ~ 1 Lacs+",1,0,0,0
80,Dhadhal Amirajsinh Jagubhai,BOTAD,1,10th Pass,150000.0, 0,Praja Vijay Paksh,"Rs 1,50,000 ~ 1 Lacs+",1,1,0,0
81,Bavaliya Jayeshbhai Bhagvanbhai,BOTAD,0,5th Pass,810000.0, 0,IND,"Rs 8,10,000 ~ 8 Lacs+",1,0,0,0
82,Chauhan Champaben Zaverbhai,BOTAD,0,Post Graduate,950000.0, 0,IND,"Rs 9,50,000 ~ 9 Lacs+",0,0,0,1
83,Chauhan Mulshankarbhai Raghurambhai,BOTAD,0,10th Pass,1009101.0, 40000,BSP,"Rs 10,09,101 ~ 10 Lacs+",1,0,0,0
84,Mithapara Mukeshkumar Babubhai,BOTAD,0,Post Graduate,2084679.0, 0,IND,"Rs 20,84,679 ~ 20 Lacs+",1,0,0,1
85,Alpabala Dilipkumar Sabva,BOTAD,0,Post Graduate,4152619.0, 1672101,IND,"Rs 41,52,619 ~ 41 Lacs+",0,0,0,1
86,Makwana Umeshbhai Naranbhai,BOTAD,0,Graduate Professional,8517847.0, 2803689,AAP,"Rs 85,17,847 ~ 85 Lacs+",1,0,0,1
87,Patel Sanjaybhai Jadavbhai,BOTAD,0,12th Pass,15536500.0, 280000,IND,"Rs 1,55,36,500 ~ 1 Crore+",1,0,1,0
88,Moradiya Niteshbhai Purushotambhai,BOTAD,0,12th Pass,36463570.0, 3183500,Right to Recall Party,"Rs 3,64,63,570 ~ 3 Crore+",1,0,1,0
89,Ghanshyambhai Pragjibhai Virani,BOTAD,0,10th Pass,45886128.0, 1216539,BJP,"Rs 4,58,86,128 ~ 4 Crore+",1,0,1,0
90,Manharbhai Nagajibhai Patel,BOTAD,0,10th Pass,76707085.0, 5069265,INC,"Rs 7,67,07,085 ~ 7 Crore+",1,0,1,0
91,Juber Kashim Ansari,CHORYASI,0,Illiterate,100151.0, 0,SP,"Rs 1,00,151 ~ 1 Lacs+",1,0,0,0
92,Malkhan Ramkishor Varma,CHORYASI,0,8th Pass,127000.0, 35000,BSP,"Rs 1,27,000 ~ 1 Lacs+",1,0,0,0
93,Shekh Sheru,CHORYASI,1,Illiterate,144500.0, 76000,IND,"Rs 1,44,500 ~ 1 Lacs+",1,0,0,0
94,Mansuri Aaisha,CHORYASI,0,Literate,418000.0, 1748710,Log Party,"Rs 4,18,000 ~ 4 Lacs+",0,0,0,0
95,Sattar Pinjari,CHORYASI,0,12th Pass,845000.0, 462000,IND,"Rs 8,45,000 ~ 8 Lacs+",1,0,0,0
96,Prajapati Roshanlal Pyarelal,CHORYASI,0,5th Pass,1110000.0, 0,National Maha Sabha Party,"Rs 11,10,000 ~ 11 Lacs+",1,0,0,0
97,Rabari Motibhai Varshibhai,CHORYASI,0,5th Pass,1494856.0, 558176,Rashtriya Samaj Paksha,"Rs 14,94,856 ~ 14 Lacs+",1,0,0,0
98,Arun Pathak (Gabbar),CHORYASI,4,Others,1917542.0, 0,IND,"Rs 19,17,542 ~ 19 Lacs+",1,1,0,0
99,Vasava Vinodkumar,CHORYASI,0,Post Graduate,3918800.0, 62000,Gana Suraksha Party,"Rs 39,18,800 ~ 39 Lacs+",1,0,0,1
100,Chavada Hiteshbhai,CHORYASI,0,Graduate,4840838.0, 1300000,Sarvodaya Bharat Party,"Rs 48,40,838 ~ 48 Lacs+",1,0,0,1
101,Kantilal Nanubhai Patel,CHORYASI,0,12th Pass,34123950.0, 2586055,INC,"Rs 3,41,23,950 ~ 3 Crore+",1,0,1,0
102,Sandip Desai,CHORYASI,0,12th Pass,95186681.0, 1709732,BJP,"Rs 9,51,86,681 ~ 9 Crore+",1,0,1,0
103,Prakashbhai Vinodbhai Contractor,CHORYASI,1,Graduate,136918764.0, 0,AAP,"Rs 13,69,18,764 ~ 13 Crore+",1,1,1,1
104,Madhar Vinubhai Ramjibhai,CHOTILA,0,5th Pass,75000.0, 0,IND,"Rs 75,000 ~ 75 Thou+",1,0,0,0
105,Rathod Valjibhai Becharbhai,CHOTILA,0,Literate,680000.0, 0,IND,"Rs 6,80,000 ~ 6 Lacs+",1,0,0,0
106,Jayesh Hansrajbhai Thakor(Tamboliya),CHOTILA,2,10th Pass,1385000.0, 2000000,IND,"Rs 13,85,000 ~ 13 Lacs+",1,1,0,0
107,Jigneshkumar Malakiya,CHOTILA,0,Post Graduate,1434856.0, 373982,IND,"Rs 14,34,856 ~ 14 Lacs+",1,0,0,1
108,Raydhanbhai Gandabhai Kumarkhaniya,CHOTILA,0,5th Pass,3207287.0, 0,IND,"Rs 32,07,287 ~ 32 Lacs+",1,0,0,0
109,Karpada Rajubhai Merambhai,CHOTILA,3,Graduate Professional,6104712.0, 2497123,AAP,"Rs 61,04,712 ~ 61 Lacs+",1,1,0,1
110,Bhimabhai Popatbhai Dabhi,CHOTILA,0,Illiterate,7843000.0, 0,BSP,"Rs 78,43,000 ~ 78 Lacs+",1,0,0,0
111,Makwana Rutvikbhai Lavjibhai,CHOTILA,0,Graduate Professional,13177302.0, 6300000,INC,"Rs 1,31,77,302 ~ 1 Crore+",1,0,1,1
112,Chauhan Shamajibhai Bhimajibhai,CHOTILA,0,10th Pass,30711771.0, 3000000,BJP,"Rs 3,07,11,771 ~ 3 Crore+",1,0,1,0
113,Aestarben Kesharbhai Pawar,DANGS (ST),0,10th Pass,210000.0, 0,IND,"Rs 2,10,000 ~ 2 Lacs+",0,0,0,0
114,Nileshbhai Shivajibhai Zambare,DANGS (ST),1,5th Pass,684800.0, 0,Bhartiya Tribal Party,"Rs 6,84,800 ~ 6 Lacs+",1,0,0,0
115,Gamit Sunilbhai Chandubhai,DANGS (ST),0,Post Graduate,1478127.0, 365220,AAP,"Rs 14,78,127 ~ 14 Lacs+",1,0,0,1
116,Patel Mukeshbhai Chandarbhai,DANGS (ST),0,Others,9717340.0, 705891,INC,"Rs 97,17,340 ~ 97 Lacs+",1,0,0,0
117,Sangitaben Maheshbhai Ahire,DANGS (ST),0,5th Pass,13566747.0, 716000,BSP,"Rs 1,35,66,747 ~ 1 Crore+",0,0,1,0
118,Vijaybhai Rameshbhai Patel,DANGS (ST),0,10th Pass,19913199.0, 4412692,BJP,"Rs 1,99,13,199 ~ 1 Crore+",1,0,1,0
119,Solanki Kisanbhai Vajubhai,DASADA (SC),0,10th Pass,200000.0, 0,BSP,"Rs 2,00,000 ~ 2 Lacs+",1,0,0,0
120,Makwana Ukabhai Amarabhai,DASADA (SC),0,Post Graduate,698701.0, 0,IND,"Rs 6,98,701 ~ 6 Lacs+",1,0,0,1
121,Anand P Rathod,DASADA (SC),0,Graduate,804000.0, 0,IND,"Rs 8,04,000 ~ 8 Lacs+",1,0,0,1
122,R.B.Vaghela,DASADA (SC),0,Others,1536000.0, 625000,IND,"Rs 15,36,000 ~ 15 Lacs+",1,0,0,0
123,Maurya Mitvardhan Naranbhai,DASADA (SC),0,Graduate Professional,1900000.0, 0,IND,"Rs 19,00,000 ~ 19 Lacs+",1,0,0,1
124,Maheshbhai Virjibhai Rathod,DASADA (SC),0,12th Pass,3290000.0, 600000,Aadi Bharat Party,"Rs 32,90,000 ~ 32 Lacs+",1,0,0,0
125,P.K.Parmar,DASADA (SC),0,Others,9135468.0, 1290574,BJP,"Rs 91,35,468 ~ 91 Lacs+",1,0,0,0
126,Arvindbhai Kalubhai Solanki,DASADA (SC),0,8th Pass,29193919.0, 10683167,AAP,"Rs 2,91,93,919 ~ 2 Crore+",1,0,1,0
127,Naushad Solanki,DASADA (SC),1,Others,110035604.0, 7787009,INC,"Rs 11,00,35,604 ~ 11 Crore+",1,0,1,0
128,Bahadursing Devjibhai Vasava,DEDIAPADA (ST),2,12th Pass,4410470.0, 17000,Bhartiya Tribal Party,"Rs 44,10,470 ~ 44 Lacs+",1,0,0,0
129,Chaitarbhai Damjibhai Vasava,DEDIAPADA (ST),8,Graduate,6087000.0, 0,AAP,"Rs 60,87,000 ~ 60 Lacs+",1,1,0,1
130,Hiteshkumar Devjibhai Vasava,DEDIAPADA (ST),2,12th Pass,9806825.0, 2200000,BJP,"Rs 98,06,825 ~ 98 Lacs+",1,1,0,0
131,Jermaben Suklal Vasava,DEDIAPADA (ST),0,Post Graduate,13806353.0, 1850000,INC,"Rs 1,38,06,353 ~ 1 Crore+",0,0,1,1
132,Ganvit Kalpeshbhai Maganbhai,DHARAMPUR (ST),0,10th Pass,257000.0, 0,IND,"Rs 2,57,000 ~ 2 Lacs+",1,0,0,0
133,Sureshbhai Ballubhai Patel,DHARAMPUR (ST),3,10th Pass,870000.0, 0,Bhartiya Tribal Party,"Rs 8,70,000 ~ 8 Lacs+",1,1,0,0
134,Kalpesh Patel,DHARAMPUR (ST),4,Graduate Professional,1101235.0, 0,IND,"Rs 11,01,235 ~ 11 Lacs+",1,0,0,1
135,Barat Anandbhai Dubiyabhai,DHARAMPUR (ST),0,Literate,1555186.0, 10000,CPI(ML)(L),"Rs 15,55,186 ~ 15 Lacs+",1,0,0,0
136,Kamleshbhai Ghelabhai Patel,DHARAMPUR (ST),1,12th Pass,2350302.0, 0,AAP,"Rs 23,50,302 ~ 23 Lacs+",1,1,0,0
137,Ratilal Vajirbhai Thakrya,DHARAMPUR (ST),0,8th Pass,3335000.0, 259470,BSP,"Rs 33,35,000 ~ 33 Lacs+",1,0,0,0
138,Janubhai Dhakalbhai Kakad,DHARAMPUR (ST),0,10th Pass,4186000.0, 1250000,IND,"Rs 41,86,000 ~ 41 Lacs+",1,0,0,0
139,Kishanbhai V. Patel,DHARAMPUR (ST),2,Graduate,8661771.0, 5200000,INC,"Rs 86,61,771 ~ 86 Lacs+",1,0,0,1
140,Arvind Chhotubhai Patel,DHARAMPUR (ST),0,Graduate,26665354.0, 0,BJP,"Rs 2,66,65,354 ~ 2 Crore+",1,0,1,1
141,Parmar Imranbhai Valibhai,DHARI,0,10th Pass,120000.0, 0,IND,"Rs 1,20,000 ~ 1 Lacs+",1,0,0,0
142,Sureshbhai Dilubhai Parmar,DHARI,1,5th Pass,201000.0, 0,Rashtriya Power Party,"Rs 2,01,000 ~ 2 Lacs+",1,0,0,0
143,Vijaybhai Amrutbhai Chavda,DHARI,1,5th Pass,560000.0, 60000,Log Party,"Rs 5,60,000 ~ 5 Lacs+",1,0,0,0
144,Bhupatbhai Chhaganbhai Unava,DHARI,1,Illiterate,868000.0, 392000,Vyavastha Parivartan Party,"Rs 8,68,000 ~ 8 Lacs+",1,0,0,0
145,Vala Upendrabhai Valkubhai,DHARI,1,10th Pass,3957133.0, 0,IND,"Rs 39,57,133 ~ 39 Lacs+",1,0,0,0
146,Chaturbhai Parshotambhai Rudani,DHARI,0,5th Pass,6063000.0, 0,IND,"Rs 60,63,000 ~ 60 Lacs+",1,0,0,0
147,Sojitra Hiteshbhai Gobarbhai,DHARI,0,10th Pass,8254500.0, 2920000,Rashtriya Hind Ekta Dal,"Rs 82,54,500 ~ 82 Lacs+",1,0,0,0
148,Payal Bhavin Patel,DHARI,0,Others,9548500.0, 0,JD(S),"Rs 95,48,500 ~ 95 Lacs+",0,0,0,0
149,Satasiya Kantibhai Shambhubhai,DHARI,0,8th Pass,13984607.0, 5210548,AAP,"Rs 1,39,84,607 ~ 1 Crore+",0,0,1,0
150,Kakadiya Jaysukhbhai Vallabhbhai (Kakadiya J.V.),DHARI,0,Graduate,37524314.0, 11639519,BJP,"Rs 3,75,24,314 ~ 3 Crore+",1,0,1,1
151,Kirtikumar Kanubhai Borisagar,DHARI,0,Graduate Professional,50672922.0, 20041389,INC,"Rs 5,06,72,922 ~ 5 Crore+",1,0,1,1
152,Jafar Gani Pinjara,DHORAJI,0,5th Pass,41000.0, 0,IND,"Rs 41,000 ~ 41 Thou+",1,0,0,0
153,Parmar Sahid (Hedli),DHORAJI,0,8th Pass,41000.0, 0,IND,"Rs 41,000 ~ 41 Thou+",1,0,0,0
154,Sirajbhai Ababhai Khebhar,DHORAJI,0,12th Pass,50000.0, 174000,IND,"Rs 50,000 ~ 50 Thou+",1,0,0,0
155,Prabhat Govind Solanki,DHORAJI,0,8th Pass,210000.0, 40000,BSP,"Rs 2,10,000 ~ 2 Lacs+",1,0,0,0
156,Vipul Sakhiya,DHORAJI,0,10th Pass,5627801.0, 0,AAP,"Rs 56,27,801 ~ 56 Lacs+",1,0,0,0
157,Lalit Vasoya,DHORAJI,0,12th Pass,25261906.0, 474800,INC,"Rs 2,52,61,906 ~ 2 Crore+",1,0,1,0
158,Dr. Mahendrabhai Padalia,DHORAJI,0,Doctorate,84216405.0, 6036778,BJP,"Rs 8,42,16,405 ~ 8 Crore+",1,0,1,1
159,Makwana Shantilal Pamabhai,DHRANGADHRA,0,8th Pass,16700.0, 0,IND,"Rs 16,700 ~ 16 Thou+",1,0,0,0
160,Parmar Rajuben Ravindrabhai,DHRANGADHRA,0,8th Pass,140000.0, 0,IND,"Rs 1,40,000 ~ 1 Lacs+",0,0,0,0
161,Chauhan Jerambhai Govindbhai,DHRANGADHRA,0,12th Pass,193000.0, 0,IND,"Rs 1,93,000 ~ 1 Lacs+",1,0,0,0
162,Makwana Govindbhai Lalabhai,DHRANGADHRA,0,Graduate,604000.0, 50000,IND,"Rs 6,04,000 ~ 6 Lacs+",1,0,0,1
163,Makwana Ukabhai Amrabhai,DHRANGADHRA,0,Post Graduate,698701.0, 0,IND,"Rs 6,98,701 ~ 6 Lacs+",1,0,0,1
164,Bobda Nazirhusen Gulabbhai,DHRANGADHRA,0,12th Pass,774000.0, 0,IND,"Rs 7,74,000 ~ 7 Lacs+",1,0,0,0
165,Samrat Jayraj Prabhubhai,DHRANGADHRA,0,8th Pass,814144.0, 0,BSP,"Rs 8,14,144 ~ 8 Lacs+",1,0,0,0
166,Vijaykumar Dilipbhai Chavda,DHRANGADHRA,0,8th Pass,850000.0, 0,IND,"Rs 8,50,000 ~ 8 Lacs+",1,0,0,0
167,Parmar Kanjibhai Govindbhai,DHRANGADHRA,0,10th Pass,1163000.0, 0,IND,"Rs 11,63,000 ~ 11 Lacs+",1,0,0,0
168,Gunjariya Chhatrasinh Shankarbhai,DHRANGADHRA,6,8th Pass,4778488.0, 4665598,INC,"Rs 47,78,488 ~ 47 Lacs+",1,1,0,0
169,Vaghjibhai Karshanbhai Kaila,DHRANGADHRA,0,8th Pass,5625000.0, 1843071,AAP,"Rs 56,25,000 ~ 56 Lacs+",1,0,0,0
170,Surela Laljibhai Khodabhai,DHRANGADHRA,1,Literate,8549500.0, 1382678,IND,"Rs 85,49,500 ~ 85 Lacs+",1,0,0,0
171,Prakashbhai Parsotambhai Varmora,DHRANGADHRA,0,10th Pass,313558116.0, 79085542,BJP,"Rs 31,35,58,116 ~ 31 Crore+",1,0,1,0
172,Kishor Khimabhai Chavada,DWARKA,2,5th Pass,231000.0, 33000,IND,"Rs 2,31,000 ~ 2 Lacs+",1,1,0,0
173,Devendra Fogabha Manek,DWARKA,0,8th Pass,290578.0, 31227,IND,"Rs 2,90,578 ~ 2 Lacs+",1,0,0,0
174,Parmani Kishankumar Himantlal,DWARKA,3,8th Pass,348500.0, 67000,Garvi Gujarat Party,"Rs 3,48,500 ~ 3 Lacs+",1,0,0,0
175,Bhagvanji H. Thobhani,DWARKA,1,8th Pass,497500.0, 131000,IND,"Rs 4,97,500 ~ 4 Lacs+",1,0,0,0
176,Hamir Dadu Der,DWARKA,0,5th Pass,545000.0, 20000,SP,"Rs 5,45,000 ~ 5 Lacs+",1,0,0,0
177,Hathal Chandrasinh Sadurbha,DWARKA,0,5th Pass,575000.0, 0,BSP,"Rs 5,75,000 ~ 5 Lacs+",1,0,0,0
178,Ghediya Amit Jagdishbhai,DWARKA,0,Graduate Professional,628000.0, 0,IND,"Rs 6,28,000 ~ 6 Lacs+",1,0,0,1
179,Lakhmanbhai Boghabhai Nakum,DWARKA,0,10th Pass,1215010.0, 0,AAP,"Rs 12,15,010 ~ 12 Lacs+",1,0,0,0
180,Nagash Karashanbhai Jeshabhai,DWARKA,0,10th Pass,2452600.0, 1300000,IND,"Rs 24,52,600 ~ 24 Lacs+",1,0,0,0
181,Asharafmiya Sidikmiya Kadri,DWARKA,0,Graduate Professional,3247887.0, 400000,IND,"Rs 32,47,887 ~ 32 Lacs+",1,0,0,1
182,Madam Nathabhai Fogabhai,DWARKA,0,10th Pass,6991490.0, 500000,Gujarat Nav Nirman Sena,"Rs 69,91,490 ~ 69 Lacs+",1,0,0,0
183,Ahir Mulubhai Ranmalbhai Kandoriya,DWARKA,0,Graduate,886050489.0, 113252947,INC,"Rs 88,60,50,489 ~ 88 Crore+",1,0,1,1
184,Pabubha Virambha Manek,DWARKA,0,Literate,1155897789.0, 17486700,BJP,"Rs 1,15,58,97,789 ~ 115 Crore+",1,0,1,0
185,Solanki Babubhai Khimjibhai,GADHADA (SC),0,5th Pass,968100.0, 0,BSP,"Rs 9,68,100 ~ 9 Lacs+",1,0,0,0
186,Jagdishkumar Motilal Chavda,GADHADA (SC),3,12th Pass,3050008.0, 600000,INC,"Rs 30,50,008 ~ 30 Lacs+",1,1,0,0
187,Rajeshbhai Polabhai Parmar,GADHADA (SC),0,Literate,7080000.0, 140000,Bhartiya Tribal Party,"Rs 70,80,000 ~ 70 Lacs+",1,0,0,0
188,Parmar Rameshbhai Parbhubhai,GADHADA (SC),0,Graduate,24572410.0, 0,AAP,"Rs 2,45,72,410 ~ 2 Crore+",1,0,1,1
189,Mahant Shambhunath Tundiya,GADHADA (SC),0,Graduate,48086662.0, 119600,BJP,"Rs 4,80,86,662 ~ 4 Crore+",1,0,1,1
190,Pankajbhai Lallubhai Patel,GANDEVI (ST),0,10th Pass,1874040.0, 455000,AAP,"Rs 18,74,040 ~ 18 Lacs+",1,0,0,0
191,Ashokbhai Lallubhai Patel (Karate),GANDEVI (ST),0,10th Pass,4417662.0, 1125000,INC,"Rs 44,17,662 ~ 44 Lacs+",1,0,0,0
192,Nareshbhai Maganbhai Patel,GANDEVI (ST),0,10th Pass,38117827.0, 3731260,BJP,"Rs 3,81,17,827 ~ 3 Crore+",1,0,1,0
193,Sondarva Jignasha Maheshbhai,GANDHIDHAM (SC),0,8th Pass,7000.0, 0,IND,"Rs 7,000 ~ 7 Thou+",0,0,0,0
194,Arvind Ashok Sanghela,GANDHIDHAM (SC),0,Others,22000.0, 0,Gujarat Sarva Samaj Party,"Rs 22,000 ~ 22 Thou+",1,0,0,0
195,Maheshwari Vanita Dahyalal,GANDHIDHAM (SC),0,Graduate Professional,23500.0, 0,Sanyukt Vikas Party,"Rs 23,500 ~ 23 Thou+",0,0,0,1
196,Samirbhai Jumabhai Maheshwari,GANDHIDHAM (SC),0,5th Pass,244327.0, 0,IND,"Rs 2,44,327 ~ 2 Lacs+",1,0,0,0
197,Laljibhai Karabhai Baliya,GANDHIDHAM (SC),1,Literate,258276.0, 70000,SP,"Rs 2,58,276 ~ 2 Lacs+",1,1,0,0
198,Maurya K. D.,GANDHIDHAM (SC),0,10th Pass,425000.0, 0,BSP,"Rs 4,25,000 ~ 4 Lacs+",1,0,0,0
199,Malti Kishor Maheshwari,GANDHIDHAM (SC),0,Graduate,5021150.0, 530090,BJP,"Rs 50,21,150 ~ 50 Lacs+",0,0,0,1
200,Budhabhai Thavar Maheshwari,GANDHIDHAM (SC),0,Graduate Professional,9408642.0, 0,AAP,"Rs 94,08,642 ~ 94 Lacs+",1,0,0,1
201,Bharatbhai Veljibhai Solanki,GANDHIDHAM (SC),0,8th Pass,15213397.0, 9565148,INC,"Rs 1,52,13,397 ~ 1 Crore+",1,0,1,0
202,Sonrat Lakhubhai Jethsurbhai,GARIADHAR,0,Post Graduate,18321.0, 0,Rashtriya Power Party,"Rs 18,321 ~ 18 Thou+",1,0,0,1
203,Rahulbhai Viththalbhai Raval,GARIADHAR,0,10th Pass,26959.0, 0,IND,"Rs 26,959 ~ 26 Thou+",1,0,0,0
204,Chavada Ghanshyambhai Ashokbhai,GARIADHAR,0,10th Pass,55000.0, 37493,Rashtriya Hind Ekta Dal,"Rs 55,000 ~ 55 Thou+",1,0,0,0
205,Kantariya Kishorbhai Paljibhai,GARIADHAR,0,Graduate,58000.0, 3400,BSP,"Rs 58,000 ~ 58 Thou+",1,0,0,1
206,Bambhaniya Vallabhbhai Ratnabhai,GARIADHAR,0,5th Pass,92500.0, 0,IND,"Rs 92,500 ~ 92 Thou+",1,0,0,0
207,Gauswami Piyushgiri Hasmukhgiri,GARIADHAR,0,12th Pass,175500.0, 0,IND,"Rs 1,75,500 ~ 1 Lacs+",1,0,0,0
208,Bhupatabhai Mohanbhai Vala,GARIADHAR,0,Literate,535000.0, 0,Right to Recall Party,"Rs 5,35,000 ~ 5 Lacs+",1,0,0,0
209,Sudhirbhai Vaghani,GARIADHAR,0,8th Pass,1903940.0, 0,AAP,"Rs 19,03,940 ~ 19 Lacs+",1,0,0,0
210,Chavada Divyeshbhai Manubhai,GARIADHAR,1,Graduate Professional,14387131.0, 2796704,INC,"Rs 1,43,87,131 ~ 1 Crore+",1,1,1,1
211,Nakrani Keshubhai Hirjibhai,GARIADHAR,0,10th Pass,18825469.0, 1000000,BJP,"Rs 1,88,25,469 ~ 1 Crore+",1,0,1,0
212,Mukesh Dholumal Vardhani,GONDAL,0,Graduate Professional,1625400.0, 0,IND,"Rs 16,25,400 ~ 16 Lacs+",1,0,0,1
213,Nimishaben Khunt,GONDAL,0,Graduate Professional,1703166.0, 0,AAP,"Rs 17,03,166 ~ 17 Lacs+",0,0,0,1
214,Desai Yatish Govindlal,GONDAL,0,Graduate Professional,33039609.0, 6500000,INC,"Rs 3,30,39,609 ~ 3 Crore+",1,0,1,1
215,Geetaba Jayrajsinh Jadeja,GONDAL,0,10th Pass,41484633.0, 750000,BJP,"Rs 4,14,84,633 ~ 4 Crore+",0,0,1,0
216,Nausrka Mahammad Shaukatali,JALALPORE,2,5th Pass,258007.0, 0,SDPI,"Rs 2,58,007 ~ 2 Lacs+",1,1,0,0
217,Pradipkumar,JALALPORE,1,Post Graduate,4901000.0, 4075583,AAP,"Rs 49,01,000 ~ 49 Lacs+",1,1,0,1
218,R.C.Patel,JALALPORE,0,10th Pass,34488225.0, 7856310,BJP,"Rs 3,44,88,225 ~ 3 Crore+",1,0,1,0
219,Ranjit Panchal (Munnabhai),JALALPORE,0,10th Pass,532111096.0, 10561131,INC,"Rs 53,21,11,096 ~ 53 Crore+",1,0,1,0
220,Sureshbhai Dahyabhai Parmar,JAMBUSAR,0,8th Pass,10000.0, 0,IND,"Rs 10,000 ~ 10 Thou+",1,0,0,0
221,Jambu Pramodbhai Bhagubhai,JAMBUSAR,0,8th Pass,310600.0, 0,Bahujan Republican Socialist Party,"Rs 3,10,600 ~ 3 Lacs+",1,0,0,0
222,Sajidkhan Husenmahammadkhan Rehan,JAMBUSAR,1,Post Graduate,3533180.0, 0,AAP,"Rs 35,33,180 ~ 35 Lacs+",1,1,0,1
223,Manilal Bhogilal Pandya,JAMBUSAR,0,Graduate,6692099.0, 260000,Bhartiya Tribal Party,"Rs 66,92,099 ~ 66 Lacs+",1,0,0,1
224,Devkishordasji Bhaktisvarupdasji Swami,JAMBUSAR,0,Post Graduate,9999593.0, 7170000,BJP,"Rs 99,99,593 ~ 99 Lacs+",1,0,0,1
225,Ismail Ahmad Patel,JAMBUSAR,5,10th Pass,12184062.0, 0,IND,"Rs 1,21,84,062 ~ 1 Crore+",1,1,1,0
226,Sanjaybhai Jesangbhai Solanki,JAMBUSAR,0,Graduate,23099731.0, 450000,INC,"Rs 2,30,99,731 ~ 2 Crore+",1,0,1,1
227,Ambalal Manjibhai Vavecha,JAMJODHPUR,0,12th Pass,55150.0, 0,IND,"Rs 55,150 ~ 55 Thou+",1,0,0,0
228,Juneja Sabbirbhai Ibrahimbhai,JAMJODHPUR,0,Literate,62000.0, 0,SP,"Rs 62,000 ~ 62 Thou+",1,0,0,0
229,Joshi Amit Babubhai,JAMJODHPUR,0,10th Pass,367000.0, 0,IND,"Rs 3,67,000 ~ 3 Lacs+",1,0,0,0
230,Pravinbhai Vallabhbhai Patel,JAMJODHPUR,0,5th Pass,1120000.0, 0,IND,"Rs 11,20,000 ~ 11 Lacs+",1,0,0,0
231,Basirbhai Sidikbhai Sama,JAMJODHPUR,0,5th Pass,1205700.0, 673100,IND,"Rs 12,05,700 ~ 12 Lacs+",1,0,0,0
232,Abu Umar Shida,JAMJODHPUR,0,10th Pass,1547535.0, 0,IND,"Rs 15,47,535 ~ 15 Lacs+",1,0,0,0
233,Ahir Hemantbhai Hardasbhai,JAMJODHPUR,0,10th Pass,26347474.0, 1490155,AAP,"Rs 2,63,47,474 ~ 2 Crore+",1,0,1,0
234,Kalaria Chiragbhai Rameshbhai,JAMJODHPUR,0,Graduate,60413284.0, 5882071,INC,"Rs 6,04,13,284 ~ 6 Crore+",1,0,1,1
235,Chimanbhai Sapariya,JAMJODHPUR,0,Graduate,79122651.0, 97551503,BJP,"Rs 7,91,22,651 ~ 7 Crore+",1,0,1,1
236,Miya Aamin Rahimbhai,JAMNAGAR NORTH,0,5th Pass,21000.0, 0,IND,"Rs 21,000 ~ 21 Thou+",1,0,0,0
237,Malek Aadil Rasidbhai,JAMNAGAR NORTH,0,10th Pass,31000.0, 0,IND,"Rs 31,000 ~ 31 Thou+",1,0,0,0
238,Ker Rahim Osmanbhai,JAMNAGAR NORTH,0,Illiterate,42000.0, 0,IND,"Rs 42,000 ~ 42 Thou+",1,0,0,0
239,Jahid Aavadbhai Jami,JAMNAGAR NORTH,1,Graduate,54000.0, 0,IND,"Rs 54,000 ~ 54 Thou+",1,0,0,1
240,Chavda Ashok Nathabhai,JAMNAGAR NORTH,0,8th Pass,61000.0, 0,IND,"Rs 61,000 ~ 61 Thou+",1,0,0,0
241,Hinaben Depabhai Makwana,JAMNAGAR NORTH,0,5th Pass,126000.0, 14120,IND,"Rs 1,26,000 ~ 1 Lacs+",0,0,0,0
242,Anvar Daud Kakal,JAMNAGAR NORTH,0,Literate,500000.0, 0,IND,"Rs 5,00,000 ~ 5 Lacs+",1,0,0,0
243,Advocate Jagdish Manshibhai Gadhavi,JAMNAGAR NORTH,0,Graduate Professional,3820000.0, 2700000,BSP,"Rs 38,20,000 ~ 38 Lacs+",1,0,0,1
244,Bipendrasinh Chatursinh Jadeja,JAMNAGAR NORTH,0,Graduate Professional,17194887.0, 0,INC,"Rs 1,71,94,887 ~ 1 Crore+",1,0,1,1
245,Karshanbhai Karmur (Ahir Karshanbhai Parbatbhai Karmur),JAMNAGAR NORTH,0,5th Pass,21262362.0, 5368625,AAP,"Rs 2,12,62,362 ~ 2 Crore+",1,0,1,0
246,Rivasinh Hardevsinh Solanki (Rivaba Ravindrasinh Jadeja),JAMNAGAR NORTH,0,10th Pass,973559222.0, 0,BJP,"Rs 97,35,59,222 ~ 97 Crore+",0,0,1,0
247,Bhuralal Meghajibhai Parmar,JAMNAGAR RURAL,0,10th Pass,265000.0, 0,IND,"Rs 2,65,000 ~ 2 Lacs+",1,0,0,0
248,Chandra Dharmendra Dhirajlal,JAMNAGAR RURAL,0,8th Pass,1153000.0, 160000,IND,"Rs 11,53,000 ~ 11 Lacs+",1,0,0,0
249,Kasam Nurmamad Khafi,JAMNAGAR RURAL,0,10th Pass,10236190.0, 98000,BSP,"Rs 1,02,36,190 ~ 1 Crore+",1,0,1,0
250,Patel Raghavjibhai Hansrajbhai,JAMNAGAR RURAL,1,Graduate Professional,39980419.0, 2528068,BJP,"Rs 3,99,80,419 ~ 3 Crore+",1,0,1,1
251,Prakash Dhirubhai Donga,JAMNAGAR RURAL,0,Graduate Professional,44676186.0, 18682596,AAP,"Rs 4,46,76,186 ~ 4 Crore+",1,0,1,1
252,Ahir Jivanbhai K. Kumbharvadiya,JAMNAGAR RURAL,1,Graduate,68969240.0, 13155322,INC,"Rs 6,89,69,240 ~ 6 Crore+",1,1,1,1
253,Chauhan Bharatbhai Mohanbhai,JAMNAGAR SOUTH,0,Graduate Professional,55000.0, 0,IND,"Rs 55,000 ~ 55 Thou+",1,0,0,1
254,Kadari Mahmad Hushen Aarifmiya,JAMNAGAR SOUTH,0,12th Pass,81854.0, 100000,IND,"Rs 81,854 ~ 81 Thou+",1,0,0,0
255,Alimamad Ishak Palani,JAMNAGAR SOUTH,0,5th Pass,108500.0, 0,IND,"Rs 1,08,500 ~ 1 Lacs+",1,0,0,0
256,Jitesh Babubhai Rathod,JAMNAGAR SOUTH,0,10th Pass,193000.0, 0,IND,"Rs 1,93,000 ~ 1 Lacs+",1,0,0,0
257,Abjal Mamadbhai Bhaya,JAMNAGAR SOUTH,4,8th Pass,261098.0, 112000,IND,"Rs 2,61,098 ~ 2 Lacs+",1,1,0,0
258,Kamleshkumar Jentilal Hirpara,JAMNAGAR SOUTH,0,10th Pass,384700.0, 297000,Bharatiya National Janta Dal,"Rs 3,84,700 ~ 3 Lacs+",1,0,0,0
259,Pattani Chandrakant Mohanlal,JAMNAGAR SOUTH,1,10th Pass,1190000.0, 0,IND,"Rs 11,90,000 ~ 11 Lacs+",1,0,0,0
260,Chauhan Juned Abdul Rajak,JAMNAGAR SOUTH,9,8th Pass,2273500.0, 1831593,IND,"Rs 22,73,500 ~ 22 Lacs+",1,1,0,0
261,Parmar Arjunbhai Karshanbhai,JAMNAGAR SOUTH,0,5th Pass,2475875.0, 0,IND,"Rs 24,75,875 ~ 24 Lacs+",1,0,0,0
262,Makuben Kishorbhai Rathod (Meenaben),JAMNAGAR SOUTH,0,8th Pass,2897500.0, 150000,BSP,"Rs 28,97,500 ~ 28 Lacs+",0,0,0,0
263,Vishal Rajbal Tyagi,JAMNAGAR SOUTH,0,12th Pass,3219117.0, 3684263,AAP,"Rs 32,19,117 ~ 32 Lacs+",1,0,0,0
264,Gohel Mukesh Vajubhai,JAMNAGAR SOUTH,0,Graduate,7815000.0, 0,Gujarat Nav Nirman Sena,"Rs 78,15,000 ~ 78 Lacs+",1,0,0,1
265,Akbari Divyeshbhai Ranchhodbhai,JAMNAGAR SOUTH,0,12th Pass,29846873.0, 14817413,BJP,"Rs 2,98,46,873 ~ 2 Crore+",1,0,1,0
266,Kathiriya Manojbhai Gordhanbhai,JAMNAGAR SOUTH,0,8th Pass,190736467.0, 17056686,INC,"Rs 19,07,36,467 ~ 19 Crore+",1,0,1,0
267,Ramaben Prakashbhai Gorasva,JASDAN,0,Literate,142000.0, 0,IND,"Rs 1,42,000 ~ 1 Lacs+",0,0,0,0
268,Shamjibhai Ambabhai Dangar (Koli),JASDAN,0,10th Pass,5951500.0, 50000,Rashtriya Hind Ekta Dal,"Rs 59,51,500 ~ 59 Lacs+",1,0,0,0
269,Devrajbhai Mashrubhai Makvana,JASDAN,1,12th Pass,6259000.0, 1000000,IND,"Rs 62,59,000 ~ 62 Lacs+",1,1,0,0
270,Kunvarjibhai Mohanbhai Bavaliya,JASDAN,0,Graduate Professional,24413639.0, 0,BJP,"Rs 2,44,13,639 ~ 2 Crore+",1,0,1,1
271,Bholabhai Bhikhabhai Gohel,JASDAN,0,Others,30160000.0, 500000,INC,"Rs 3,01,60,000 ~ 3 Crore+",1,0,1,0
272,Tejasbhai Bhikhabhai Gajipara,JASDAN,0,12th Pass,35749471.0, 5861749,AAP,"Rs 3,57,49,471 ~ 3 Crore+",1,0,1,0
273,Alpeshkumar V. Vadoliya,JETPUR,0,Graduate,34200.0, 0,Right to Recall Party,"Rs 34,200 ~ 34 Thou+",1,0,0,1
274,Chavda Bharatkumar Nanjibhai,JETPUR,0,8th Pass,460000.0, 0,IND,"Rs 4,60,000 ~ 4 Lacs+",1,0,0,0
275,Rohitbhai Vinubhai Bhuva,JETPUR,0,8th Pass,801334.0, 1635000,AAP,"Rs 8,01,334 ~ 8 Lacs+",1,0,0,0
276,Boricha Devshibhai Kumbhabhai,JETPUR,0,8th Pass,3123357.0, 300000,BSP,"Rs 31,23,357 ~ 31 Lacs+",1,0,0,0
277,Jayendrasinh Govubha Chauhan,JETPUR,1,12th Pass,5417000.0, 0,IND,"Rs 54,17,000 ~ 54 Lacs+",1,0,0,0
278,Deepakbhai Keshavlal Vekariya (D.K. Vekariya),JETPUR,0,12th Pass,7992224.0, 0,INC,"Rs 79,92,224 ~ 79 Lacs+",1,0,0,0
279,Rajubhai Arjanbhai Sarvaiya,JETPUR,1,10th Pass,8879272.0, 2015963,SP,"Rs 88,79,272 ~ 88 Lacs+",1,0,0,0
280,Jayeshbhai Vitthalbhai Radadiya,JETPUR,0,12th Pass,331944084.0, 183243263,BJP,"Rs 33,19,44,084 ~ 33 Crore+",1,0,1,0
281,Vasava Ranjitsinh Ganpatsinh,JHAGADIA (ST),0,12th Pass,250000.0, 0,IND,"Rs 2,50,000 ~ 2 Lacs+",1,0,0,0
282,Urmilaben Mukeshbhai Bhagat,JHAGADIA (ST),0,Graduate Professional,8075356.0, 1086000,AAP,"Rs 80,75,356 ~ 80 Lacs+",0,0,0,1
283,Fatesingbhai Chimanbhai Vasava,JHAGADIA (ST),12,5th Pass,14734253.0, 3500000,INC,"Rs 1,47,34,253 ~ 1 Crore+",1,1,1,0
284,Vasava Chhotubhai Amarsinh,JHAGADIA (ST),0,10th Pass,17435000.0, 0,IND,"Rs 1,74,35,000 ~ 1 Crore+",1,0,1,0
285,Riteshkumar Ramanbhai Vasava,JHAGADIA (ST),0,8th Pass,20417879.0, 3000000,BJP,"Rs 2,04,17,879 ~ 2 Crore+",1,0,1,0
286,Mamtaben Jayantilal Botvadiya,JUNAGADH,0,Graduate,62500.0, 0,IND,"Rs 62,500 ~ 62 Thou+",0,0,0,1
287,Mayurbhai Harilal Ranva,JUNAGADH,0,8th Pass,610000.0, 25000,BSP,"Rs 6,10,000 ~ 6 Lacs+",1,0,0,0
288,Chetankumar Harsukhbhai Gajera,JUNAGADH,0,12th Pass,868918.0, 147882,AAP,"Rs 8,68,918 ~ 8 Lacs+",1,0,0,0
289,Haresh Manubhai Sardhara,JUNAGADH,0,Graduate,1976516.0, 0,IND,"Rs 19,76,516 ~ 19 Lacs+",1,0,0,1
290,Shashikant Karshanbhai Ravat,JUNAGADH,0,8th Pass,2381777.0, 900000,IND,"Rs 23,81,777 ~ 23 Lacs+",1,0,0,0
291,Ghanshyamkumar Himantbhai Mashru,JUNAGADH,0,8th Pass,3230861.0, 0,IND,"Rs 32,30,861 ~ 32 Lacs+",1,0,0,0
292,Gorfad Dilipkumar Ranchhodbhai,JUNAGADH,0,12th Pass,4345595.0, 400000,Bhartiya Jan Parishad,"Rs 43,45,595 ~ 43 Lacs+",1,0,0,0
293,Joshi Bhikhabhai Galabhai,JUNAGADH,2,10th Pass,12368868.0, 365400,INC,"Rs 1,23,68,868 ~ 1 Crore+",1,1,1,0
294,Sanjay Sukhabhai Koradia,JUNAGADH,0,12th Pass,184072178.0, 23594927,BJP,"Rs 18,40,72,178 ~ 18 Crore+",1,0,1,0
295,Chauhan Pravinbhai Danabhai,KALAVAD (SC),0,5th Pass,159500.0, 0,IND,"Rs 1,59,500 ~ 1 Lacs+",1,0,0,0
296,Chouhan Mahendra Dineshbhai,KALAVAD (SC),0,8th Pass,508700.0, 251000,BSP,"Rs 5,08,700 ~ 5 Lacs+",1,0,0,0
297,Pravin Narashibhai Musadiya,KALAVAD (SC),0,Graduate Professional,5546900.0, 227902,INC,"Rs 55,46,900 ~ 55 Lacs+",1,0,0,1
298,Dr. Jignesh Solanki,KALAVAD (SC),0,Graduate Professional,7834599.0, 1397840,AAP,"Rs 78,34,599 ~ 78 Lacs+",1,0,0,1
299,Chavda Meghjibhai Amarabhai,KALAVAD (SC),0,Graduate,15629762.0, 3379200,BJP,"Rs 1,56,29,762 ~ 1 Crore+",1,0,1,1
300,Hemendrasinh Rathod,KAMREJ,0,10th Pass,60000.0, 0,Bhartiya Tribal Party,"Rs 60,000 ~ 60 Thou+",1,0,0,0
301,Arunbhai Dhanjibhai Sakariya,KAMREJ,0,Graduate,145890.0, 130537,BSP,"Rs 1,45,890 ~ 1 Lacs+",1,0,0,1
302,Khushwah Sumanben Raveebhai,KAMREJ,1,8th Pass,529000.0, 0,Sardar Vallabhbhai Patel Party,"Rs 5,29,000 ~ 5 Lacs+",0,1,0,0
303,Viradiya Piyush Hasmukhbhai,KAMREJ,0,Graduate Professional,737709.0, 0,IND,"Rs 7,37,709 ~ 7 Lacs+",1,0,0,1
304,Dr. Dineshbhai Chhaganbhai Dhameliya,KAMREJ,0,Graduate Professional,15645622.0, 3615514,Real Democracy Party,"Rs 1,56,45,622 ~ 1 Crore+",1,0,1,1
305,Ram Dhaduk,KAMREJ,4,Graduate Professional,16438277.0, 4514601,AAP,"Rs 1,64,38,277 ~ 1 Crore+",1,0,1,1
306,Nilesh Kumbhani,KAMREJ,4,12th Pass,40778834.0, 24804260,INC,"Rs 4,07,78,834 ~ 4 Crore+",1,1,1,0
307,Praful Pansheriya,KAMREJ,0,Graduate,196975964.0, 21066008,BJP,"Rs 19,69,75,964 ~ 19 Crore+",1,0,1,1
308,Jayendrabhai Laxmanbhai Ganvit,KAPRADA (ST),0,Graduate,51000.0, 0,AAP,"Rs 51,000 ~ 51 Thou+",1,0,0,1
309,Gurav Kamleshbhai Shravanbhai,KAPRADA (ST),0,8th Pass,199256.0, 0,CPI(ML)(L),"Rs 1,99,256 ~ 1 Lacs+",1,0,0,0
310,Gaurangkumar Rameshbhai Patel,KAPRADA (ST),0,12th Pass,250000.0, 0,IND,"Rs 2,50,000 ~ 2 Lacs+",1,0,0,0
311,Vaichandbhai Lallubhai Patel,KAPRADA (ST),0,Post Graduate,462383.0, 0,BSP,"Rs 4,62,383 ~ 4 Lacs+",1,0,0,1
312,Subhashbhai Radkabhai Patel,KAPRADA (ST),0,10th Pass,3378000.0, 700000,Rashtriya Samaj Paksha,"Rs 33,78,000 ~ 33 Lacs+",1,0,0,0
313,Vasantbhai Barjulbhai Patel,KAPRADA (ST),2,Graduate Professional,13913960.0, 2803100,INC,"Rs 1,39,13,960 ~ 1 Crore+",1,1,1,1
314,Jitubhai Harjibhai Chaudhari,KAPRADA (ST),1,8th Pass,19335482.0, 457000,BJP,"Rs 1,93,35,482 ~ 1 Crore+",1,1,1,0
315,Anwar Hamid Shaikh,KARANJ,0,5th Pass,52000.0, 0,IND,"Rs 52,000 ~ 52 Thou+",1,0,0,0
316,Ladumor Maheshbhai Kababhai (Ahir),KARANJ,0,Graduate,83100.0, 0,Right to Recall Party,"Rs 83,100 ~ 83 Thou+",1,0,0,1
317,Arunbhai Mansukhlal Parmar,KARANJ,1,8th Pass,300000.0, 0,IND,"Rs 3,00,000 ~ 3 Lacs+",1,1,0,0
318,Vaghela Dinesh,KARANJ,0,Literate,585000.0, 775000,National Maha Sabha Party,"Rs 5,85,000 ~ 5 Lacs+",1,0,0,0
319,Rameshbhai Parshotambhai Baraiya,KARANJ,0,5th Pass,1416500.0, 571734,IND,"Rs 14,16,500 ~ 14 Lacs+",1,0,0,0
320,Pravinbhai Manjibhai Ghoghari,KARANJ,1,12th Pass,22300638.0, 5448166,BJP,"Rs 2,23,00,638 ~ 2 Crore+",1,1,1,0
321,Manoj Sorathiya,KARANJ,1,Others,23474811.0, 6031749,AAP,"Rs 2,34,74,811 ~ 2 Crore+",1,1,1,0
322,Bharti Prakashbhai Patel,KARANJ,3,Graduate,168403315.0, 0,INC,"Rs 16,84,03,315 ~ 16 Crore+",0,0,1,1
323,Bapubhai Nanabhai Khalane,KATARGAM,1,10th Pass,72000.0, 318637,IND,"Rs 72,000 ~ 72 Thou+",1,1,0,0
324,Akbar Liyakat Shahfakir,KATARGAM,0,Illiterate,115000.0, 0,IND,"Rs 1,15,000 ~ 1 Lacs+",1,0,0,0
325,Kalpesh Harjivanbhai Variya,KATARGAM,0,12th Pass,751712.0, 661913,INC,"Rs 7,51,712 ~ 7 Lacs+",1,0,0,0
326,Gopalbhai Gordhanbhai Italia,KATARGAM,19,Graduate,1015079.0, 0,AAP,"Rs 10,15,079 ~ 10 Lacs+",1,1,0,1
327,Rajubhai Lakhabhai Sarakar,KATARGAM,0,Literate,1968200.0, 700000,IND,"Rs 19,68,200 ~ 19 Lacs+",1,0,0,0
328,Amitkumar Bikaram Singh,KATARGAM,0,10th Pass,2082162.0, 1752000,BSP,"Rs 20,82,162 ~ 20 Lacs+",1,0,0,0
329,Amarkumar Sureshbhai Lavne,KATARGAM,0,12th Pass,3970406.0, 1965425,Sarvodaya Bharat Party,"Rs 39,70,406 ~ 39 Lacs+",1,0,0,0
330,Vinodbhai Amarshibhai Moradiya,KATARGAM,0,10th Pass,52194368.0, 6041990,BJP,"Rs 5,21,94,368 ~ 5 Crore+",1,0,1,0
331,Antroliya Dhanabhai Munabhai,KESHOD,0,8th Pass,30000.0, 0,Vyavastha Parivartan Party,"Rs 30,000 ~ 30 Thou+",1,0,0,0
332,Chudasama Ramajibhai Babubhai,KESHOD,1,12th Pass,676000.0, 0,AAP,"Rs 6,76,000 ~ 6 Lacs+",1,1,0,0
333,Alpeshkumar Chandulal Trambadiya,KESHOD,0,Graduate Professional,1443196.0, 76546,IND,"Rs 14,43,196 ~ 14 Lacs+",1,0,0,1
334,Arvindbhai Keshavbhai Ladani,KESHOD,0,10th Pass,23733196.0, 19510910,IND,"Rs 2,37,33,196 ~ 2 Crore+",1,0,1,0
335,Dedaniya Lalitkumar Laljibhai,KESHOD,1,10th Pass,29481000.0, 2161000,IND,"Rs 2,94,81,000 ~ 2 Crore+",1,0,1,0
336,Devabhai Punjabhai Malam,KESHOD,0,Literate,45569640.0, 0,BJP,"Rs 4,55,69,640 ~ 4 Crore+",1,0,1,0
337,Hirabhai Arjanbhai Jotva,KESHOD,2,Graduate,78229777.0, 10467412,INC,"Rs 7,82,29,777 ~ 7 Crore+",1,1,1,1
338,Manjuben Karabhai Pingal,KHAMBHALIA,0,Illiterate,65392.0, 0,IND,"Rs 65,392 ~ 65 Thou+",0,0,0,0
339,Ibrahimbhai Amadbhai Ghavda,KHAMBHALIA,0,Illiterate,125000.0, 0,IND,"Rs 1,25,000 ~ 1 Lacs+",1,0,0,0
340,Bukhari Yakub Mohammad Hushen,KHAMBHALIA,0,8th Pass,152198.0, 0,All India Majlis-E-Ittehadul Muslimeen,"Rs 1,52,198 ~ 1 Lacs+",1,0,0,0
341,Vala Hamir Makvana,KHAMBHALIA,0,8th Pass,172278.0, 0,IND,"Rs 1,72,278 ~ 1 Lacs+",1,0,0,0
342,Solanki Govind Hamirbhai,KHAMBHALIA,0,8th Pass,177000.0, 0,BSP,"Rs 1,77,000 ~ 1 Lacs+",1,0,0,0
343,Nangesh Karsan Jeshabhai,KHAMBHALIA,0,10th Pass,2452100.0, 1300000,IND,"Rs 24,52,100 ~ 24 Lacs+",1,0,0,0
344,Nurmamad Jusab Pariyani,KHAMBHALIA,0,Literate,3377542.0, 0,IND,"Rs 33,77,542 ~ 33 Lacs+",1,0,0,0
345,Chetariya Lakhubhai Lagdhirbhai,KHAMBHALIA,0,12th Pass,8332800.0, 1030000,Gujarat Nav Nirman Sena,"Rs 83,32,800 ~ 83 Lacs+",1,0,0,0
346,Isudan Gadhvi,KHAMBHALIA,2,Post Graduate,11086459.0, 5045481,AAP,"Rs 1,10,86,459 ~ 1 Crore+",1,1,1,1
347,Ayar Mulubhai Hardasbhai Bera,KHAMBHALIA,0,10th Pass,59358379.0, 282478,BJP,"Rs 5,93,58,379 ~ 5 Crore+",1,0,1,0
348,Ahir Vikrambhai Arjanbhai Maadam,KHAMBHALIA,0,Graduate,72076653.0, 4154125,INC,"Rs 7,20,76,653 ~ 7 Crore+",1,0,1,1
349,Sosa Balubhai Pithabhai,KODINAR (SC),0,8th Pass,292000.0, 0,BSP,"Rs 2,92,000 ~ 2 Lacs+",1,0,0,0
350,Vadhel Dipsinh Govindbhai,KODINAR (SC),0,12th Pass,310500.0, 0,IND,"Rs 3,10,500 ~ 3 Lacs+",1,0,0,0
351,Valjibhai Karshanbhai Makvana,KODINAR (SC),0,10th Pass,1422557.0, 0,AAP,"Rs 14,22,557 ~ 14 Lacs+",1,0,0,0
352,Makvana Maheshbhai Jethabhai,KODINAR (SC),6,8th Pass,7995960.0, 0,INC,"Rs 79,95,960 ~ 79 Lacs+",1,1,0,0
353,Pradyuman Ganubhai Vaja,KODINAR (SC),0,Post Graduate,56335891.0, 0,BJP,"Rs 5,63,35,891 ~ 5 Crore+",1,0,1,1
354,Anand Krashnakant Buch,KUTIYANA,1,8th Pass,20000.0, 0,IND,"Rs 20,000 ~ 20 Thou+",1,1,0,0
355,Milankumar Madhavji Chauhan,KUTIYANA,0,12th Pass,50000.0, 0,IND,"Rs 50,000 ~ 50 Thou+",1,0,0,0
356,Mukeshbhai Lakhaman Vaghasiya,KUTIYANA,0,8th Pass,50000.0, 0,IND,"Rs 50,000 ~ 50 Thou+",1,0,0,0
357,Chandulal Mohanbhai Rathod,KUTIYANA,0,5th Pass,90000.0, 0,IND,"Rs 90,000 ~ 90 Thou+",1,0,0,0
358,Ajay Karabhai Odedara,KUTIYANA,0,12th Pass,100000.0, 0,IND,"Rs 1,00,000 ~ 1 Lacs+",1,0,0,0
359,Rajeshbhai Laxmidas Madlani,KUTIYANA,0,8th Pass,220000.0, 0,IND,"Rs 2,20,000 ~ 2 Lacs+",1,0,0,0
360,Nimeshbhai Mansukhbhai Bhundiya,KUTIYANA,1,8th Pass,250000.0, 40000,IND,"Rs 2,50,000 ~ 2 Lacs+",1,0,0,0
361,Prakashbhai Madhavjibhai Jungi,KUTIYANA,0,8th Pass,1670000.0, 0,IND,"Rs 16,70,000 ~ 16 Lacs+",1,0,0,0
362,Butani Rajeshbhai Maganbhai,KUTIYANA,0,10th Pass,6384000.0, 1800000,Rashtriya Hind Ekta Dal,"Rs 63,84,000 ~ 63 Lacs+",1,0,0,0
363,Bhimabhai Danabhai Makvana,KUTIYANA,0,Literate,10325931.0, 531526,AAP,"Rs 1,03,25,931 ~ 1 Crore+",1,0,1,0
364,Dheliben Maldebhai Odedara,KUTIYANA,0,10th Pass,36300000.0, 0,BJP,"Rs 3,63,00,000 ~ 3 Crore+",0,0,1,0
365,Nathabhai Bhurabhai Odedara,KUTIYANA,1,8th Pass,71192800.0, 1030199,INC,"Rs 7,11,92,800 ~ 7 Crore+",1,0,1,0
366,Kandhalbhai Sarmanbhai Jadeja,KUTIYANA,2,8th Pass,209403859.0, 3808441,SP,"Rs 20,94,03,859 ~ 20 Crore+",1,1,1,0
367,J.R.Parmar,LATHI,3,5th Pass,371000.0, 0,Right to Recall Party,"Rs 3,71,000 ~ 3 Lacs+",1,0,0,0
368,Dilabhai Koreja,LATHI,1,5th Pass,948535.0, 50000,IND,"Rs 9,48,535 ~ 9 Lacs+",1,0,0,0
369,Munabhai Nakubhai Bavaliya,LATHI,0,5th Pass,5448463.0, 2771000,IND,"Rs 54,48,463 ~ 54 Lacs+",1,0,0,0
370,Jagdishchandra Mayani,LATHI,0,8th Pass,6455000.0, 682000,Vyavastha Parivartan Party,"Rs 64,55,000 ~ 64 Lacs+",1,0,0,0
371,Jayshukhbhai Ravajibhai Detroja (Doli),LATHI,0,5th Pass,70271055.0, 137173152,AAP,"Rs 7,02,71,055 ~ 7 Crore+",1,0,1,0
372,Virjibhai Thummar,LATHI,1,Graduate,110037814.0, 94174092,INC,"Rs 11,00,37,814 ~ 11 Crore+",1,1,1,1
373,Janakbhai Talaviya,LATHI,1,12th Pass,581385657.0, 41601070,BJP,"Rs 58,13,85,657 ~ 58 Crore+",1,1,1,0
374,Rashid Dadamiya Shaikh,LIMBAYAT,0,8th Pass,8000.0, 0,IND,"Rs 8,000 ~ 8 Thou+",1,0,0,0
375,Sabirabibi Mohammad Yusuf Shaikh,LIMBAYAT,0,Literate,15000.0, 0,IND,"Rs 15,000 ~ 15 Thou+",0,0,0,0
376,Hameed Madhavsang Rana,LIMBAYAT,0,8th Pass,16912.0, 0,IND,"Rs 16,912 ~ 16 Thou+",1,0,0,0
377,Sayarabanu Hamid Rana,LIMBAYAT,0,8th Pass,16912.0, 0,IND,"Rs 16,912 ~ 16 Thou+",0,0,0,0
378,Nasirshaha Naththushaha,LIMBAYAT,0,5th Pass,17000.0, 0,IND,"Rs 17,000 ~ 17 Thou+",1,0,0,0
379,Irfankhan Pathan,LIMBAYAT,0,5th Pass,20000.0, 0,IND,"Rs 20,000 ~ 20 Thou+",1,0,0,0
380,Khalik Yusuf Shaikh,LIMBAYAT,0,Illiterate,20000.0, 0,IND,"Rs 20,000 ~ 20 Thou+",1,0,0,0
381,Shah Samir Shaikhlal,LIMBAYAT,0,5th Pass,20000.0, 0,IND,"Rs 20,000 ~ 20 Thou+",1,0,0,0
382,Imrankhan Shokat Khan,LIMBAYAT,0,Illiterate,21000.0, 0,IND,"Rs 21,000 ~ 21 Thou+",1,0,0,0
383,Shaikh Yusuf,LIMBAYAT,0,8th Pass,22000.0, 0,IND,"Rs 22,000 ~ 22 Thou+",1,0,0,0
384,Ramjubhai Shaikh,LIMBAYAT,0,Illiterate,23000.0, 0,IND,"Rs 23,000 ~ 23 Thou+",1,0,0,0
385,Azim Saiyad,LIMBAYAT,0,5th Pass,23800.0, 0,IND,"Rs 23,800 ~ 23 Thou+",1,0,0,0
386,Patel Aamin Abdul Ghafar,LIMBAYAT,0,8th Pass,24000.0, 0,IND,"Rs 24,000 ~ 24 Thou+",1,0,0,0
387,Shah Aiyub,LIMBAYAT,0,Illiterate,24000.0, 0,IND,"Rs 24,000 ~ 24 Thou+",1,0,0,0
388,Javid Shaikh,LIMBAYAT,0,Illiterate,25000.0, 0,IND,"Rs 25,000 ~ 25 Thou+",1,0,0,0
389,Nasrinbano Shaikh,LIMBAYAT,0,Illiterate,25000.0, 0,IND,"Rs 25,000 ~ 25 Thou+",0,0,0,0
390,Mohshin Shah,LIMBAYAT,0,Illiterate,29000.0, 0,IND,"Rs 29,000 ~ 29 Thou+",1,0,0,0
391,Pathan Bashirkhan,LIMBAYAT,0,5th Pass,29000.0, 0,IND,"Rs 29,000 ~ 29 Thou+",1,0,0,0
392,Shaikh Salman,LIMBAYAT,0,5th Pass,30000.0, 0,IND,"Rs 30,000 ~ 30 Thou+",1,0,0,0
393,Hamid Shaikh,LIMBAYAT,1,Illiterate,43000.0, 0,IND,"Rs 43,000 ~ 43 Thou+",1,1,0,0
394,Mohammad Nafis Islam Khan,LIMBAYAT,0,Illiterate,45217.0, 0,IND,"Rs 45,217 ~ 45 Thou+",1,0,0,0
395,Saiyad Suraiya Latif,LIMBAYAT,0,Literate,51000.0, 0,IND,"Rs 51,000 ~ 51 Thou+",0,0,0,0
396,Faruk Khan,LIMBAYAT,0,8th Pass,75000.0, 0,IND,"Rs 75,000 ~ 75 Thou+",1,0,0,0
397,Shaikh Subhan Abudulla,LIMBAYAT,0,Literate,80000.0, 0,SP,"Rs 80,000 ~ 80 Thou+",1,0,0,0
398,Vasim Shaikh,LIMBAYAT,0,Illiterate,95000.0, 0,IND,"Rs 95,000 ~ 95 Thou+",1,0,0,0
399,Saiyad Mehmud,LIMBAYAT,0,8th Pass,120000.0, 0,IND,"Rs 1,20,000 ~ 1 Lacs+",1,0,0,0
400,Ramzan Mansuri (Varisht Partrakar),LIMBAYAT,0,10th Pass,123000.0, 0,Log Party,"Rs 1,23,000 ~ 1 Lacs+",1,0,0,0
401,Ayaz Kazi,LIMBAYAT,0,Illiterate,140000.0, 37980,BSP,"Rs 1,40,000 ~ 1 Lacs+",1,0,0,0
402,Shah Firoj Supadubhai,LIMBAYAT,0,5th Pass,151000.0, 0,IND,"Rs 1,51,000 ~ 1 Lacs+",1,0,0,0
403,Abdul Bashir Shaikh,LIMBAYAT,2,5th Pass,180510.0, 0,All India Majlis-E-Ittehadul Muslimeen,"Rs 1,80,510 ~ 1 Lacs+",1,0,0,0
404,Anishaben Kureshi,LIMBAYAT,0,Literate,199500.0, 0,IND,"Rs 1,99,500 ~ 1 Lacs+",0,0,0,0
405,Sami Akhtar Isaf Mohammad Shaikh,LIMBAYAT,0,5th Pass,275000.0, 0,IND,"Rs 2,75,000 ~ 2 Lacs+",1,0,0,0
406,Bharatbhai B. Patel,LIMBAYAT,0,5th Pass,415000.0, 0,CPI(M),"Rs 4,15,000 ~ 4 Lacs+",1,0,0,0
407,Gopal D. Patil,LIMBAYAT,0,8th Pass,450000.0, 0,INC,"Rs 4,50,000 ~ 4 Lacs+",1,0,0,0
408,Raybole Panjab,LIMBAYAT,0,10th Pass,506000.0, 0,IND,"Rs 5,06,000 ~ 5 Lacs+",1,0,0,0
409,Rani Aziz Shaikh,LIMBAYAT,0,10th Pass,559500.0, 0,Rashtriya Samaj Paksha,"Rs 5,59,500 ~ 5 Lacs+",0,0,0,0
410,Wasim Kareem Shaikh,LIMBAYAT,4,Literate,642000.0, 32216,IND,"Rs 6,42,000 ~ 6 Lacs+",1,1,0,0
411,Ram Murat Maurya (Comrade),LIMBAYAT,0,10th Pass,669233.0, 0,SUCI(C),"Rs 6,69,233 ~ 6 Lacs+",1,0,0,0
412,Farukhasha Shabbirsha,LIMBAYAT,0,5th Pass,701028.0, 123819,IND,"Rs 7,01,028 ~ 7 Lacs+",1,0,0,0
413,Rekhaben Satishbhai Patel,LIMBAYAT,0,Illiterate,1095000.0, 70000,IND,"Rs 10,95,000 ~ 10 Lacs+",0,0,0,0
414,Arun Pathak (Gabbar),LIMBAYAT,4,Others,1917542.0, 0,IND,"Rs 19,17,542 ~ 19 Lacs+",1,1,0,0
415,Pankajbhai Tayade,LIMBAYAT,1,8th Pass,2021227.0, 0,AAP,"Rs 20,21,227 ~ 20 Lacs+",1,0,0,0
416,Akram Vahidulla Ansari,LIMBAYAT,12,Literate,14151000.0, 0,IND,"Rs 1,41,51,000 ~ 1 Crore+",1,1,1,0
417,Sangitaben Rajendra Patil,LIMBAYAT,0,Graduate,21066861.0, 4332129,BJP,"Rs 2,10,66,861 ~ 2 Crore+",0,0,1,1
418,Parmar Dilipbhai Mohanbhai,LIMBDI,0,10th Pass,26000.0, 0,IND,"Rs 26,000 ~ 26 Thou+",1,0,0,0
419,Dhoriya Rameshbhai Bhavabhai,LIMBDI,0,8th Pass,40000.0, 0,IND,"Rs 40,000 ~ 40 Thou+",1,0,0,0
420,Rathod Yogeshbhai Jethabhai,LIMBDI,0,5th Pass,52000.0, 0,IND,"Rs 52,000 ~ 52 Thou+",1,0,0,0
421,Chavda Mahendrakumar Maganbhai,LIMBDI,1,Graduate Professional,60000.0, 0,IND,"Rs 60,000 ~ 60 Thou+",1,0,0,1
422,Makwana Prakashbhai Pitambarbhai,LIMBDI,1,8th Pass,60000.0, 0,IND,"Rs 60,000 ~ 60 Thou+",1,0,0,0
423,Lakhmanbhai Chaturbhai Velani,LIMBDI,1,Illiterate,70721.0, 0,IND,"Rs 70,721 ~ 70 Thou+",1,0,0,0
424,Makvana Maheshbhai Merabhai,LIMBDI,1,10th Pass,76500.0, 0,IND,"Rs 76,500 ~ 76 Thou+",1,0,0,0
425,Rahulbhai Madhabhai Zarmariya,LIMBDI,0,10th Pass,106000.0, 0,IND,"Rs 1,06,000 ~ 1 Lacs+",1,0,0,0
426,Mavjibhai Viththalbhai Panchala,LIMBDI,0,Illiterate,151000.0, 0,IND,"Rs 1,51,000 ~ 1 Lacs+",1,0,0,0
427,Gabu Nagjibhai Mohanbhai,LIMBDI,0,5th Pass,738569.0, 300000,Rashtra Nirman Party,"Rs 7,38,569 ~ 7 Lacs+",1,0,0,0
428,Mayurbhai Merabhai Sakariya,LIMBDI,1,12th Pass,969000.0, 0,AAP,"Rs 9,69,000 ~ 9 Lacs+",1,0,0,0
429,Jayesh Hansrajbhai Thakor (Tamboliya),LIMBDI,2,10th Pass,1385000.0, 2000000,IND,"Rs 13,85,000 ~ 13 Lacs+",1,1,0,0
430,Rajesh Dalal,LIMBDI,1,10th Pass,1708272.0, 0,Garvi Gujarat Party,"Rs 17,08,272 ~ 17 Lacs+",1,0,0,0
431,Kalpanaben Bijalbhai Dhoriya,LIMBDI,0,Graduate Professional,11598307.0, 7448813,INC,"Rs 1,15,98,307 ~ 1 Crore+",0,0,1,1
432,Kiritsinh Jitubha Rana,LIMBDI,0,10th Pass,21347937.0, 0,BJP,"Rs 2,13,47,937 ~ 2 Crore+",1,0,1,0
433,Gopalbhai Gabhabhai Joliya,MAHUVA,0,Graduate Professional,20000.0, 0,IND,"Rs 20,000 ~ 20 Thou+",1,0,0,1
434,Nanjibhai Harasurbhai Baraiya (Nanjibhai Baraiya),MAHUVA,2,5th Pass,25000.0, 0,IND,"Rs 25,000 ~ 25 Thou+",1,1,0,0
435,Mahebubbhai Alarakhbhai Shekh,MAHUVA,0,5th Pass,242000.0, 0,IND,"Rs 2,42,000 ~ 2 Lacs+",1,0,0,0
436,Sankhat Savjibhai Bhagvanbhai (Koli Savaram Sankhat),MAHUVA,0,Literate,265000.0, 0,Vyavastha Parivartan Party,"Rs 2,65,000 ~ 2 Lacs+",1,0,0,0
437,Hojefa Ikbalbhai Hingora,MAHUVA,0,5th Pass,291000.0, 50000,IND,"Rs 2,91,000 ~ 2 Lacs+",1,0,0,0
438,Dr. Kanubhai V. Kalsaria,MAHUVA,2,Post Graduate,1489046.0, 0,INC,"Rs 14,89,046 ~ 14 Lacs+",1,1,0,1
439,Solanki Arvindbhai Nathabhai,MAHUVA,0,Graduate,2592500.0, 1300000,Rashtriya Hind Ekta Dal,"Rs 25,92,500 ~ 25 Lacs+",1,0,0,1
440,Ashokbhai Mangalbhai Joliya,MAHUVA,0,5th Pass,2735280.0, 0,AAP,"Rs 27,35,280 ~ 27 Lacs+",1,0,0,0
441,Alimahamad Hanifbhai Halari,MAHUVA,0,8th Pass,4481800.0, 1115000,IND,"Rs 44,81,800 ~ 44 Lacs+",1,0,0,0
442,Gohil Shivabhai Jerambhai,MAHUVA,0,8th Pass,24793723.0, 2000000,BJP,"Rs 2,47,93,723 ~ 2 Crore+",1,0,1,0
443,Kunjankumar Rameshchandra Patel,MAHUVA (ST),0,Post Graduate,3378370.0, 1190315,AAP,"Rs 33,78,370 ~ 33 Lacs+",1,0,0,1
444,Mohanbhai Dhanjibhai Dhodiya,MAHUVA (ST),0,8th Pass,20018546.0, 1300000,BJP,"Rs 2,00,18,546 ~ 2 Crore+",1,0,1,0
445,Garasiya Hemangini Dipakkumar,MAHUVA (ST),0,Graduate Professional,83458440.0, 28638966,INC,"Rs 8,34,58,440 ~ 8 Crore+",0,0,1,1
446,Rameshprasad Kashiram Chamar,MAJURA,0,10th Pass,2351700.0, 1600000,BSP,"Rs 23,51,700 ~ 23 Lacs+",1,0,0,0
447,Balwant Shantilal Jain,MAJURA,0,12th Pass,21931426.0, 12735000,INC,"Rs 2,19,31,426 ~ 2 Crore+",1,0,1,0
448,P V S Sarma,MAJURA,2,Post Graduate,169491888.0, 66038313,AAP,"Rs 16,94,91,888 ~ 16 Crore+",1,1,1,1
449,Harsh Ramesh Sanghvi,MAJURA,1,8th Pass,174274927.0, 83177314,BJP,"Rs 17,42,74,927 ~ 17 Crore+",1,0,1,0
450,Rathod Bhavinkumar Shantilal,MANAVADAR,3,Graduate Professional,215015.0, 312000,IND,"Rs 2,15,015 ~ 2 Lacs+",1,1,0,1
451,Mahesh Parmar,MANAVADAR,0,10th Pass,401457.0, 0,IND,"Rs 4,01,457 ~ 4 Lacs+",1,0,0,0
452,Muchhadiya Devdanbhai Kanabhai,MANAVADAR,0,Graduate Professional,1150000.0, 0,BSP,"Rs 11,50,000 ~ 11 Lacs+",1,0,0,1
453,Arvindbhai Jinabhai Ladani,MANAVADAR,0,12th Pass,9611654.0, 336000,INC,"Rs 96,11,654 ~ 96 Lacs+",1,0,0,0
454,Karangiya Parbatbhai Bhayabhai,MANAVADAR,0,10th Pass,14373489.0, 600000,IND,"Rs 1,43,73,489 ~ 1 Crore+",1,0,1,0
455,Karshan Parbat Bhadarka (Bapu),MANAVADAR,0,Post Graduate,59364567.0, 23682089,AAP,"Rs 5,93,64,567 ~ 5 Crore+",1,0,1,1
456,Jawaharbhai Pethaljibhai Chavda,MANAVADAR,2,10th Pass,1301580411.0, 91449728,BJP,"Rs 1,30,15,80,411 ~ 130 Crore+",1,1,1,0
457,Kishorbhai Dheda,MANDVI,0,10th Pass,735600.0, 0,BSP,"Rs 7,35,600 ~ 7 Lacs+",1,0,0,0
458,Vachhiya Lakhmir Rabari,MANDVI,0,5th Pass,1450000.0, 0,Praja Vijay Paksh,"Rs 14,50,000 ~ 14 Lacs+",1,0,0,0
459,Sameja Abdulkarim Amad,MANDVI,4,8th Pass,1633600.0, 0,IND,"Rs 16,33,600 ~ 16 Lacs+",1,1,0,0
460,Advocate Mahamadiqbal Manjaliya,MANDVI,0,Graduate Professional,5705000.0, 1531000,All India Majlis-E-Ittehadul Muslimeen,"Rs 57,05,000 ~ 57 Lacs+",1,0,0,1
461,Sangar Shivji Budhiya,MANDVI,0,5th Pass,12737915.0, 700000,IND,"Rs 1,27,37,915 ~ 1 Crore+",1,0,1,0
462,Rajendrasinh A. Jadeja,MANDVI,0,12th Pass,38346602.0, 11911533,INC,"Rs 3,83,46,602 ~ 3 Crore+",1,0,1,0
463,Aniruddha Bhailal Dave,MANDVI,0,Post Graduate,90696946.0, 5989452,BJP,"Rs 9,06,96,946 ~ 9 Crore+",1,0,1,1
464,Kailasdan K. Gadhvi,MANDVI,0,Graduate,101247148.0, 46138654,AAP,"Rs 10,12,47,148 ~ 10 Crore+",1,0,1,1
465,Bachubhai Gumanbhai Chaudhari,MANDVI (ST),0,5th Pass,165000.0, 0,Bhartiya Tribal Party,"Rs 1,65,000 ~ 1 Lacs+",1,0,0,0
466,Saynaben Rustambhai Gamit,MANDVI (ST),0,12th Pass,343333.0, 0,AAP,"Rs 3,43,333 ~ 3 Lacs+",0,0,0,0
467,Chaudhari Pradipbhai Thagabhai,MANDVI (ST),0,10th Pass,1018289.0, 0,IND,"Rs 10,18,289 ~ 10 Lacs+",1,0,0,0
468,Sureshkumar Jivanbhai Gamit,MANDVI (ST),0,8th Pass,1105397.0, 0,IND,"Rs 11,05,397 ~ 11 Lacs+",1,0,0,0
469,Anandbhai Mohanbhai Chaudhari,MANDVI (ST),0,Others,6116335.0, 0,INC,"Rs 61,16,335 ~ 61 Lacs+",1,0,0,0
470,Kunvarjibhai Narsinhbhai Halpati,MANDVI (ST),0,Graduate Professional,10780874.0, 2749374,BJP,"Rs 1,07,80,874 ~ 1 Crore+",1,0,1,1
471,Ashokbhai Chhotubhai Chaudhary,MANDVI (ST),0,Graduate,16268661.0, 3000000,BSP,"Rs 1,62,68,661 ~ 1 Crore+",1,0,1,1
472,Hanshaben Vijaykumar Makadiya,MANGROL,0,Graduate,345000.0, 0,BSP,"Rs 3,45,000 ~ 3 Lacs+",0,0,0,1
473,Hamirbhai Lakhmanbhai Dhama,MANGROL,0,8th Pass,555000.0, 0,IND,"Rs 5,55,000 ~ 5 Lacs+",1,0,0,0
474,Babubhai Kalabhai Vaja,MANGROL,0,10th Pass,8285924.0, 428200,INC,"Rs 82,85,924 ~ 82 Lacs+",1,0,0,0
475,Piyush Parmar,MANGROL,3,Graduate,8522178.0, 3115341,AAP,"Rs 85,22,178 ~ 85 Lacs+",1,1,0,1
476,Kargatiya Bhagvanjibhai Lakhabhai,MANGROL,0,10th Pass,12550000.0, 0,BJP,"Rs 1,25,50,000 ~ 1 Crore+",1,0,1,0
477,Sulemanbhai Mohmadbhai Patel,MANGROL,1,Graduate,56185000.0, 12700000,All India Majlis-E-Ittehadul Muslimeen,"Rs 5,61,85,000 ~ 5 Crore+",1,0,1,1
478,Sahdev Vasava (Advocate),MANGROL (ST),0,Graduate Professional,55700.0, 80000,BSP,"Rs 55,700 ~ 55 Thou+",1,0,0,1
479,Vasava Subhashbhai Kanjibhai,MANGROL (ST),0,8th Pass,150000.0, 0,Bhartiya Tribal Party,"Rs 1,50,000 ~ 1 Lacs+",1,0,0,0
480,Snehalkumar Ramsing Vasava,MANGROL (ST),0,12th Pass,1961808.0, 830000,AAP,"Rs 19,61,808 ~ 19 Lacs+",1,0,0,0
481,Anilbhai Sumanbhai Chaudhari,MANGROL (ST),0,Graduate,8286886.0, 1802585,INC,"Rs 82,86,886 ~ 82 Lacs+",1,0,0,1
482,Ganpatsinh Vestabhai Vasava,MANGROL (ST),0,Graduate,84506704.0, 41767352,BJP,"Rs 8,45,06,704 ~ 8 Crore+",1,0,1,1
483,Ashvinkumar Haribhai Tundiya,MORBI,0,10th Pass,167000.0, 0,IND,"Rs 1,67,000 ~ 1 Lacs+",1,0,0,0
484,Jadav Maheshbhai Dhanjibhai,MORBI,0,5th Pass,293000.0, 0,IND,"Rs 2,93,000 ~ 2 Lacs+",1,0,0,0
485,Madhu Nirupaben Natavarlal,MORBI,0,Graduate Professional,499000.0, 0,IND,"Rs 4,99,000 ~ 4 Lacs+",0,0,0,1
486,Shahmadar Daudsha Rahemansha,MORBI,0,8th Pass,515841.0, 0,IND,"Rs 5,15,841 ~ 5 Lacs+",1,0,0,0
487,Arifkhan Mahmadhusen Khoram,MORBI,0,8th Pass,541100.0, 0,IND,"Rs 5,41,100 ~ 5 Lacs+",1,0,0,0
488,Gulam Hanifbhai Movar,MORBI,0,Literate,545230.0, 0,IND,"Rs 5,45,230 ~ 5 Lacs+",1,0,0,0
489,Ekbalbhai Hushenbhai Katiya,MORBI,0,Literate,1158400.0, 167086,IND,"Rs 11,58,400 ~ 11 Lacs+",1,0,0,0
490,Jeda Akbar Husen,MORBI,0,8th Pass,1223082.0, 0,IND,"Rs 12,23,082 ~ 12 Lacs+",1,0,0,0
491,Gopal Vinubhai Sitapara,MORBI,0,10th Pass,1359500.0, 348000,IND,"Rs 13,59,500 ~ 13 Lacs+",1,0,0,0
492,Hasan Alubhai Movar,MORBI,0,Literate,1380000.0, 0,IND,"Rs 13,80,000 ~ 13 Lacs+",1,0,0,0
493,Kasambhai Hajibhai Sumara,MORBI,0,12th Pass,1440000.0, 0,BSP,"Rs 14,40,000 ~ 14 Lacs+",1,0,0,0
494,Balvantbhai Nathubhai Shekhva,MORBI,0,Literate,1702000.0, 0,IND,"Rs 17,02,000 ~ 17 Lacs+",1,0,0,0
495,Vivek Jayantilal Mirani Alias(Bablubhai),MORBI,1,12th Pass,4220000.0, 0,IND,"Rs 42,20,000 ~ 42 Lacs+",1,0,0,0
496,Siraj Amirali Popatiya,MORBI,0,10th Pass,4656800.0, 1100000,IND,"Rs 46,56,800 ~ 46 Lacs+",1,0,0,0
497,Pankaj Kantilal Ransariya,MORBI,1,12th Pass,35267065.0, 13733537,AAP,"Rs 3,52,67,065 ~ 3 Crore+",1,0,1,0
498,Amrutiya Kantilal Shivlal,MORBI,0,12th Pass,92358032.0, 33286579,BJP,"Rs 9,23,58,032 ~ 9 Crore+",1,0,1,0
499,Patel Jayantilal Jerajbhai,MORBI,0,Graduate,231976432.0, 23450716,INC,"Rs 23,19,76,432 ~ 23 Crore+",1,0,1,1
500,Dr. Prafulbhai Devjibhai Vasava,NANDOD (ST),4,Doctorate,4204144.0, 2515000,AAP,"Rs 42,04,144 ~ 42 Lacs+",1,1,0,1
501,Maheshbhai Saradbhai Vasava (Manabhai),NANDOD (ST),0,12th Pass,9000000.0, 0,Bhartiya Tribal Party,"Rs 90,00,000 ~ 90 Lacs+",1,0,0,0
502,Hareshbhai Jayantibhai Vasava,NANDOD (ST),1,Post Graduate,9860000.0, 0,INC,"Rs 98,60,000 ~ 98 Lacs+",1,0,0,1
503,Harshadbhai Chunilal Vasava,NANDOD (ST),0,Graduate,33933000.0, 8684503,IND,"Rs 3,39,33,000 ~ 3 Crore+",1,0,1,1
504,Dr. Darshna Chandubhai Deshmukh(Vasava),NANDOD (ST),0,Post Graduate,36953667.0, 4180000,BJP,"Rs 3,69,53,667 ~ 3 Crore+",0,0,1,1
505,Mahendrakumar Solanki (Rakeshkumar),NAVSARI,0,8th Pass,130000.0, 0,BSP,"Rs 1,30,000 ~ 1 Lacs+",1,0,0,0
506,Govindbhai Laxmanbhai Rathod,NAVSARI,0,5th Pass,2795000.0, 195000,IND,"Rs 27,95,000 ~ 27 Lacs+",1,0,0,0
507,Upeshkumar Mohanbhai Patel,NAVSARI,0,12th Pass,3706431.0, 2555501,AAP,"Rs 37,06,431 ~ 37 Lacs+",1,0,0,0
508,Kalpanaben Percy Munshi,NAVSARI,0,Others,14841019.0, 190706,IND,"Rs 1,48,41,019 ~ 1 Crore+",0,0,1,0
509,Desai Rakesh Gunvantbhai,NAVSARI,0,Others,18946056.0, 1790784,BJP,"Rs 1,89,46,056 ~ 1 Crore+",1,0,1,0
510,Dipak Barot,NAVSARI,1,10th Pass,85873743.0, 4263008,INC,"Rs 8,58,73,743 ~ 8 Crore+",1,0,1,0
511,Vinabhai Bablabhai Gamit,NIZAR (ST),0,Literate,217200.0, 0,IND,"Rs 2,17,200 ~ 2 Lacs+",1,0,0,0
512,Manishbhai Prakashbhai Vasava,NIZAR (ST),0,Post Graduate,561898.0, 0,IND,"Rs 5,61,898 ~ 5 Lacs+",1,0,0,1
513,Samirbhai Janakbhai Naik,NIZAR (ST),0,10th Pass,1377840.0, 0,Bhartiya Tribal Party,"Rs 13,77,840 ~ 13 Lacs+",1,0,0,0
514,Dr.Jayrambhai Chemabhai Gamit,NIZAR (ST),0,Doctorate,4696210.0, 143261,BJP,"Rs 46,96,210 ~ 46 Lacs+",1,0,0,1
515,Arvindbhai Singabhai Gamit,NIZAR (ST),1,10th Pass,5611000.0, 797000,AAP,"Rs 56,11,000 ~ 56 Lacs+",1,1,0,0
516,Sunilbhai Ratanjibhai Gamit,NIZAR (ST),0,Graduate,8629086.0, 2586585,INC,"Rs 86,29,086 ~ 86 Lacs+",1,0,0,1
517,Dipakbhai Pravinbhai Rathod,OLPAD,1,10th Pass,85000.0, 0,CPI(M),"Rs 85,000 ~ 85 Thou+",1,0,0,0
518,Bhaliya Khimjibhai Hakabhai,OLPAD,0,5th Pass,118195.0, 0,BSP,"Rs 1,18,195 ~ 1 Lacs+",1,0,0,0
519,Shehanazbibi Khalidbhai Shekh,OLPAD,0,8th Pass,436000.0, 0,IND,"Rs 4,36,000 ~ 4 Lacs+",0,0,0,0
520,Khalifa Abdulrazak Ajij,OLPAD,0,5th Pass,672157.0, 0,IND,"Rs 6,72,157 ~ 6 Lacs+",1,0,0,0
521,Malek Asifbhai Yusufbhai,OLPAD,0,Literate,711600.0, 0,IND,"Rs 7,11,600 ~ 7 Lacs+",1,0,0,0
522,Natvarbhai Dahyabhai Mahyavanshi,OLPAD,0,Graduate Professional,885000.0, 0,IND,"Rs 8,85,000 ~ 8 Lacs+",1,0,0,1
523,Sajid Mehmud Kola,OLPAD,0,Illiterate,1063000.0, 0,IND,"Rs 10,63,000 ~ 10 Lacs+",1,0,0,0
524,Dharmikbhai Nanubhai Malaviya,OLPAD,7,12th Pass,1065204.0, 0,AAP,"Rs 10,65,204 ~ 10 Lacs+",1,1,0,0
525,Patel Sarfaraj Abdulla,OLPAD,0,Others,1087332.0, 340000,IND,"Rs 10,87,332 ~ 10 Lacs+",1,0,0,0
526,Vijaybhai Rameshbhai Vasava,OLPAD,0,5th Pass,1171367.0, 0,Bhartiya Tribal Party,"Rs 11,71,367 ~ 11 Lacs+",1,0,0,0
527,Jigneshkumar Manjibhai Dhameliya,OLPAD,0,10th Pass,1774658.0, 12480,IND,"Rs 17,74,658 ~ 17 Lacs+",1,0,0,0
528,Dholariya Viral Govindbhai,OLPAD,0,Graduate,4340005.0, 0,IND,"Rs 43,40,005 ~ 43 Lacs+",1,0,0,1
529,Dhameliya Dineshbhai Chhaganbhai,OLPAD,0,Graduate Professional,15645622.0, 3615514,Real Democracy Party,"Rs 1,56,45,622 ~ 1 Crore+",1,0,1,1
530,Darshankumar Amrutlal Nayak,OLPAD,0,Graduate Professional,39045530.0, 0,INC,"Rs 3,90,45,530 ~ 3 Crore+",1,0,1,1
531,Mukeshbhai Zinabhai Patel,OLPAD,0,12th Pass,49145155.0, 18909886,BJP,"Rs 4,91,45,155 ~ 4 Crore+",1,0,1,0
532,Ibrahimbhai Hasanali Saiyad,PALITANA,0,10th Pass,180400.0, 0,IND,"Rs 1,80,400 ~ 1 Lacs+",1,0,0,0
533,Gohil Sanjaybhai Valajibhai,PALITANA,0,5th Pass,365000.0, 372370,Vyavastha Parivartan Party,"Rs 3,65,000 ~ 3 Lacs+",1,0,0,0
534,Parmar Nareshbhai Ravjibhai,PALITANA,0,8th Pass,380000.0, 0,BSP,"Rs 3,80,000 ~ 3 Lacs+",1,0,0,0
535,Narshibhai Ukabhai Chauhan,PALITANA,0,Literate,554500.0, 0,IND,"Rs 5,54,500 ~ 5 Lacs+",1,0,0,0
536,Bhikhabhai Ravajibhai Baraiya,PALITANA,0,12th Pass,8972311.0, 0,BJP,"Rs 89,72,311 ~ 89 Lacs+",1,0,0,0
537,Rathod Pravinbhai Jinabhai,PALITANA,0,10th Pass,12969109.0, 458469,INC,"Rs 1,29,69,109 ~ 1 Crore+",1,0,1,0
538,Kheni Jinabhai Parshottambhai (Dr.Z.P. Kheni),PALITANA,0,Graduate Professional,89028010.0, 1911372,AAP,"Rs 8,90,28,010 ~ 8 Crore+",1,0,1,1
539,Sanjaybhai Parsottambhai Parmar,PARDI,0,12th Pass,110000.0, 0,Rashtriya Samaj Paksha,"Rs 1,10,000 ~ 1 Lacs+",1,0,0,0
540,Patel Navinkumar Shankarbhai,PARDI,0,Graduate Professional,745000.0, 0,IND,"Rs 7,45,000 ~ 7 Lacs+",1,0,0,1
541,Ketanbhai Kishorbhai Patel,PARDI,1,10th Pass,2282810.0, 1301396,AAP,"Rs 22,82,810 ~ 22 Lacs+",1,1,0,0
542,Jayshreeben Patel,PARDI,0,12th Pass,4827838.0, 980000,INC,"Rs 48,27,838 ~ 48 Lacs+",0,0,0,0
543,Pravinkumar Bholaprasad Singh,PARDI,0,10th Pass,6885000.0, 300000,IND,"Rs 68,85,000 ~ 68 Lacs+",1,0,0,0
544,Kanubhai Mohanlal Desai,PARDI,0,Graduate Professional,109351751.0, 0,BJP,"Rs 10,93,51,751 ~ 10 Crore+",1,0,1,1
545,Odedara Ranmalbhai Rambhai,PORBANDAR,0,10th Pass,50000.0, 0,IND,"Rs 50,000 ~ 50 Thou+",1,0,0,0
546,Mukesh Ramji Panjari,PORBANDAR,0,10th Pass,60000.0, 0,IND,"Rs 60,000 ~ 60 Thou+",1,0,0,0
547,Jivan Jungi,PORBANDAR,0,10th Pass,140000.0, 0,AAP,"Rs 1,40,000 ~ 1 Lacs+",1,0,0,0
548,Odedara Lakhanshi Deva,PORBANDAR,1,Graduate,250000.0, 0,IND,"Rs 2,50,000 ~ 2 Lacs+",1,0,0,1
549,Jethabhai Bhanabhai Chavda,PORBANDAR,2,8th Pass,340000.0, 72000,Bahujan Republican Socialist Party,"Rs 3,40,000 ~ 3 Lacs+",1,0,0,0
550,Prakashbhai Vallabhdas Unadkat,PORBANDAR,0,10th Pass,353000.0, 0,IND,"Rs 3,53,000 ~ 3 Lacs+",1,0,0,0
551,Rajesh Gaurishankar Pandya,PORBANDAR,0,10th Pass,937448.0, 430000,Right to Recall Party,"Rs 9,37,448 ~ 9 Lacs+",1,0,0,0
552,Manoj Babu Buddhecha,PORBANDAR,0,5th Pass,990000.0, 0,IND,"Rs 9,90,000 ~ 9 Lacs+",1,0,0,0
553,Rameshbhai Rajabhai Daki,PORBANDAR,0,Others,1739000.0, 131400,SP,"Rs 17,39,000 ~ 17 Lacs+",1,0,0,0
554,Arjunbhai Devabhai Modhwadia,PORBANDAR,1,Graduate Professional,39691720.0, 733064,INC,"Rs 3,96,91,720 ~ 3 Crore+",1,0,1,1
555,Babubhai Bhimabhai Bokhiriya,PORBANDAR,0,Graduate,268241185.0, 34830290,BJP,"Rs 26,82,41,185 ~ 26 Crore+",1,0,1,1
556,Sagthiya Sureshkumar Govindbhai,RAJKOT EAST,0,10th Pass,319000.0, 0,CPI,"Rs 3,19,000 ~ 3 Lacs+",1,0,0,0
557,Parghi Surajbhai Nanjibhai,RAJKOT EAST,0,Others,366855.0, 0,IND,"Rs 3,66,855 ~ 3 Lacs+",1,0,0,0
558,Ranchhodbhai Maganbhai Ughreja,RAJKOT EAST,0,Literate,981452.0, 0,IND,"Rs 9,81,452 ~ 9 Lacs+",1,0,0,0
559,Rahul Bhuva,RAJKOT EAST,1,Post Graduate,2418086.0, 0,AAP,"Rs 24,18,086 ~ 24 Lacs+",1,1,0,1
560,Lunagariya Babulal Parshotambhai,RAJKOT EAST,0,8th Pass,11803783.0, 0,IND,"Rs 1,18,03,783 ~ 1 Crore+",1,0,1,0
561,Rajesh Samsuddin Gilani,RAJKOT EAST,0,5th Pass,93728592.0, 48000000,IND,"Rs 9,37,28,592 ~ 9 Crore+",1,0,1,0
562,Uday Kangad,RAJKOT EAST,1,8th Pass,97941686.0, 15989530,BJP,"Rs 9,79,41,686 ~ 9 Crore+",1,1,1,0
563,Indranil Rajguru,RAJKOT EAST,1,12th Pass,1629289224.0, 760244890,INC,"Rs 1,62,92,89,224 ~ 162 Crore+",1,0,1,0
564,Rahul Chavda,RAJKOT RURAL (SC),0,8th Pass,25000.0, 62000,BSP,"Rs 25,000 ~ 25 Thou+",1,0,0,0
565,Solanki Ramjibhai Khimabhai,RAJKOT RURAL (SC),0,Graduate,30000.0, 0,IND,"Rs 30,000 ~ 30 Thou+",1,0,0,1
566,Dengada Sanjay Pravinbhai,RAJKOT RURAL (SC),0,10th Pass,57000.0, 0,IND,"Rs 57,000 ~ 57 Thou+",1,0,0,0
567,Bharatbhai Mavjibhai Chavda,RAJKOT RURAL (SC),0,5th Pass,341308.0, 0,IND,"Rs 3,41,308 ~ 3 Lacs+",1,0,0,0
568,Rathod Sukhdevbhai Mohanbhai,RAJKOT RURAL (SC),0,10th Pass,700000.0, 0,IND,"Rs 7,00,000 ~ 7 Lacs+",1,0,0,0
569,Babubhai Bhalabhai Babariya,RAJKOT RURAL (SC),0,12th Pass,1015000.0, 0,IND,"Rs 10,15,000 ~ 10 Lacs+",1,0,0,0
570,Makwana Ranjitbhai Girdharbhai,RAJKOT RURAL (SC),0,10th Pass,3100000.0, 583810,Vyavastha Parivartan Party,"Rs 31,00,000 ~ 31 Lacs+",1,0,0,0
571,Babubhai Virabhai Parmar,RAJKOT RURAL (SC),0,8th Pass,9906473.0, 0,IND,"Rs 99,06,473 ~ 99 Lacs+",1,0,0,0
572,Bhanuben Manoharbhai Babariya,RAJKOT RURAL (SC),0,Graduate,27989092.0, 1602000,BJP,"Rs 2,79,89,092 ~ 2 Crore+",0,0,1,1
573,Bathwar Sureshkumar Karshanbhai,RAJKOT RURAL (SC),0,Graduate Professional,30722894.0, 8335015,INC,"Rs 3,07,22,894 ~ 3 Crore+",1,0,1,1
574,Vashrambhai Sagathiya,RAJKOT RURAL (SC),2,Graduate,57376886.0, 1069232,AAP,"Rs 5,73,76,886 ~ 5 Crore+",1,0,1,1
575,Pravinbhai Meghajibhai Dengada,RAJKOT SOUTH,4,Illiterate,62000.0, 0,IND,"Rs 62,000 ~ 62 Thou+",1,1,0,0
576,Rakesh Patel,RAJKOT SOUTH,0,10th Pass,1316139.0, 0,IND,"Rs 13,16,139 ~ 13 Lacs+",1,0,0,0
577,Bhumika Pareshbhai Patel,RAJKOT SOUTH,1,Graduate Professional,1755000.0, 0,IND,"Rs 17,55,000 ~ 17 Lacs+",0,0,0,1
578,Amardas Desani,RAJKOT SOUTH,1,Post Graduate,5777081.0, 0,IND,"Rs 57,77,081 ~ 57 Lacs+",1,1,0,1
579,Parekh Punitaben Hasmukhbhai,RAJKOT SOUTH,1,5th Pass,28658680.0, 0,IND,"Rs 2,86,58,680 ~ 2 Crore+",0,1,1,0
580,Shivlal Barasia,RAJKOT SOUTH,0,12th Pass,84412790.0, 19016376,AAP,"Rs 8,44,12,790 ~ 8 Crore+",1,0,1,0
581,Hitesh Maganbhai Vora,RAJKOT SOUTH,0,10th Pass,134872435.0, 119070530,INC,"Rs 13,48,72,435 ~ 13 Crore+",1,0,1,0
582,Rameshbhai Virjibhai Tilala,RAJKOT SOUTH,0,5th Pass,1757899705.0, 86587916,BJP,"Rs 1,75,78,99,705 ~ 175 Crore+",1,0,1,0
583,Bhupendra Bhavanbhai Patoliya,RAJKOT WEST,0,Graduate,, 0,IND,Nil,1,0,0,1
584,Mahajan Narendrabhai,RAJKOT WEST,0,8th Pass,19000.0, 0,IND,"Rs 19,000 ~ 19 Thou+",1,0,0,0
585,Kirtikumar Bavanjibhai Marvaniya,RAJKOT WEST,1,12th Pass,30000.0, 0,IND,"Rs 30,000 ~ 30 Thou+",1,1,0,0
586,Dengada Pravinbhai Meghjibhai,RAJKOT WEST,4,Illiterate,60000.0, 0,IND,"Rs 60,000 ~ 60 Thou+",1,1,0,0
587,Prashant Chimanbhai Maru,RAJKOT WEST,1,8th Pass,203600.0, 40000,IND,"Rs 2,03,600 ~ 2 Lacs+",1,0,0,0
588,Prafulaben R. Shiyaliya,RAJKOT WEST,0,5th Pass,280000.0, 0,Log Party,"Rs 2,80,000 ~ 2 Lacs+",0,0,0,0
589,Belim Sikandar Husenbhai,RAJKOT WEST,0,8th Pass,1146820.0, 215000,IND,"Rs 11,46,820 ~ 11 Lacs+",1,0,0,0
590,Vegada Ramjibhai Govindbhai,RAJKOT WEST,0,12th Pass,3045000.0, 0,IND,"Rs 30,45,000 ~ 30 Lacs+",1,0,0,0
591,Chamanbhai Savsani,RAJKOT WEST,0,8th Pass,4175000.0, 560865,BSP,"Rs 41,75,000 ~ 41 Lacs+",1,0,0,0
592,Kalariya Mansukhbhai Jadavbhai,RAJKOT WEST,0,Graduate,12504637.0, 1766707,INC,"Rs 1,25,04,637 ~ 1 Crore+",1,0,1,1
593,Mehul Nathwani,RAJKOT WEST,0,10th Pass,13402378.0, 4500000,IND,"Rs 1,34,02,378 ~ 1 Crore+",1,0,1,0
594,Dineshkumar Mohanbhai Joshi,RAJKOT WEST,0,8th Pass,47067811.0, 21146262,AAP,"Rs 4,70,67,811 ~ 4 Crore+",1,0,1,0
595,Dr. Darshita Shah,RAJKOT WEST,0,Post Graduate,100509572.0, 9004530,BJP,"Rs 10,05,09,572 ~ 10 Crore+",0,0,1,1
596,Bharatkumar Baldaniya,RAJULA,0,12th Pass,26000.0, 0,AAP,"Rs 26,000 ~ 26 Thou+",1,0,0,0
597,Muktaben Narendrabhai Parmar,RAJULA,0,8th Pass,160630.0, 0,IND,"Rs 1,60,630 ~ 1 Lacs+",0,0,0,0
598,Puspaben Kamleshbhai Parmar,RAJULA,0,5th Pass,204280.0, 0,IND,"Rs 2,04,280 ~ 2 Lacs+",0,0,0,0
599,Shwetaben Budhabhai Vaghela,RAJULA,0,Literate,225313.0, 0,IND,"Rs 2,25,313 ~ 2 Lacs+",0,0,0,0
600,Vijyaben Girishbhai Parmar,RAJULA,0,Illiterate,242202.0, 0,IND,"Rs 2,42,202 ~ 2 Lacs+",0,0,0,0
601,Gitaben Bharatkumar Parmar,RAJULA,0,8th Pass,264000.0, 0,IND,"Rs 2,64,000 ~ 2 Lacs+",0,0,0,0
602,Vagh Harsurbhai Valerabhai,RAJULA,0,5th Pass,405000.0, 0,IND,"Rs 4,05,000 ~ 4 Lacs+",1,0,0,0
603,Champaben Narshibhai Rathod,RAJULA,0,Illiterate,446195.0, 0,IND,"Rs 4,46,195 ~ 4 Lacs+",0,0,0,0
604,Vagh Shivabhai Bhanabhai,RAJULA,0,5th Pass,655000.0, 0,IND,"Rs 6,55,000 ~ 6 Lacs+",1,0,0,0
605,Rajeshbhai Natubhai Joshi,RAJULA,0,10th Pass,1044000.0, 0,IND,"Rs 10,44,000 ~ 10 Lacs+",1,0,0,0
606,Champubhai Dhakhada,RAJULA,1,10th Pass,1390000.0, 0,Gujarat Nav Nirman Sena,"Rs 13,90,000 ~ 13 Lacs+",1,0,0,0
607,Gaha Majidbhai,RAJULA,0,10th Pass,4373005.0, 200000,SDPI,"Rs 43,73,005 ~ 43 Lacs+",1,0,0,0
608,Karanbhai Baraiya,RAJULA,1,Literate,24110643.0, 2996990,IND,"Rs 2,41,10,643 ~ 2 Crore+",1,1,1,0
609,Ambarishkumar Jivabhai Der,RAJULA,1,Graduate,111675653.0, 4393414,INC,"Rs 11,16,75,653 ~ 11 Crore+",1,0,1,1
610,Hirabhai Odhavjibhai Solanki,RAJULA,1,10th Pass,530573482.0, 53557367,BJP,"Rs 53,05,73,482 ~ 53 Crore+",1,1,1,0
611,Navinchandra Manji Josarfal,RAPAR,0,10th Pass,244000.0, 0,IND,"Rs 2,44,000 ~ 2 Lacs+",1,0,0,0
612,Rajeshbhai Babubhai Dudasna,RAPAR,0,12th Pass,260000.0, 0,IND,"Rs 2,60,000 ~ 2 Lacs+",1,0,0,0
613,Saiyad Hasamsha Umarsha,RAPAR,0,10th Pass,270562.0, 0,IND,"Rs 2,70,562 ~ 2 Lacs+",1,0,0,0
614,Vaniya Tejabhai Gelabhai,RAPAR,0,Literate,292000.0, 0,IND,"Rs 2,92,000 ~ 2 Lacs+",1,0,0,0
615,Rameshbhai Punjabhai Patni,RAPAR,0,Literate,351380.0, 0,IND,"Rs 3,51,380 ~ 3 Lacs+",1,0,0,0
616,Rathod Ambabhai Mayajar,RAPAR,1,Literate,1210000.0, 0,IND,"Rs 12,10,000 ~ 12 Lacs+",1,0,0,0
617,Amba Paravant Patel,RAPAR,0,8th Pass,1626500.0, 0,AAP,"Rs 16,26,500 ~ 16 Lacs+",1,0,0,0
618,Mansukh Vajeram Makvana,RAPAR,1,Graduate,1925000.0, 600000,Gujarat Sarva Samaj Party,"Rs 19,25,000 ~ 19 Lacs+",1,0,0,1
619,Goshwami Sanjaygiri Rameshgiri,RAPAR,1,5th Pass,2840400.0, 1763000,IND,"Rs 28,40,400 ~ 28 Lacs+",1,1,0,0
620,Virendrasinh Bahadursinh Jadeja,RAPAR,0,8th Pass,45256151.0, 5078665,BJP,"Rs 4,52,56,151 ~ 4 Crore+",1,0,1,0
621,Bhachubhai Dharamshi Aarethiya,RAPAR,2,10th Pass,974874784.0, 307501712,INC,"Rs 97,48,74,784 ~ 97 Crore+",1,1,1,0
622,Makvana Bharatbhai Kalubhai,SAVARKUNDLA,0,Literate,110000.0, 0,Vyavastha Parivartan Party,"Rs 1,10,000 ~ 1 Lacs+",1,0,0,0
623,Saiyad Naushad Rahimmiya Kadri,SAVARKUNDLA,0,Graduate Professional,116500.0, 0,IND,"Rs 1,16,500 ~ 1 Lacs+",1,0,0,1
624,Bharat Nakarani,SAVARKUNDLA,0,5th Pass,160750.0, 1938467,AAP,"Rs 1,60,750 ~ 1 Lacs+",1,0,0,0
625,Yunusbhai Dolabhai Jadav,SAVARKUNDLA,0,5th Pass,160927.0, 0,IND,"Rs 1,60,927 ~ 1 Lacs+",1,0,0,0
626,Kishor Bagada,SAVARKUNDLA,0,12th Pass,180000.0, 0,IND,"Rs 1,80,000 ~ 1 Lacs+",1,0,0,0
627,Nanalal Kalidas Maheta,SAVARKUNDLA,0,8th Pass,228000.0, 0,Rashtriya Samaj Dal (R),"Rs 2,28,000 ~ 2 Lacs+",1,0,0,0
628,Shabbirbhai Alarakhbhai Malek (Pintubhai Malek),SAVARKUNDLA,1,8th Pass,1230128.0, 0,IND,"Rs 12,30,128 ~ 12 Lacs+",1,1,0,0
629,Geetaben Najabhai Maru,SAVARKUNDLA,0,12th Pass,1434000.0, 236700,BSP,"Rs 14,34,000 ~ 14 Lacs+",0,0,0,0
630,Haku Vala,SAVARKUNDLA,1,8th Pass,1654000.0, 0,IND,"Rs 16,54,000 ~ 16 Lacs+",1,1,0,0
631,Kaswala Mahesh,SAVARKUNDLA,0,Post Graduate,94500686.0, 27982598,BJP,"Rs 9,45,00,686 ~ 9 Crore+",1,0,1,1
632,Pratap Dudhat,SAVARKUNDLA,0,10th Pass,189320699.0, 75369504,INC,"Rs 18,93,20,699 ~ 18 Crore+",1,0,1,0
633,Irfanbhai Arahemanbhai Mugal,SOMNATH,0,8th Pass,135000.0, 0,IND,"Rs 1,35,000 ~ 1 Lacs+",1,0,0,0
634,Asatarbhai Aganibhai Panja,SOMNATH,0,5th Pass,170000.0, 0,IND,"Rs 1,70,000 ~ 1 Lacs+",1,0,0,0
635,Ambechada Hamirbhai Karasanbhai,SOMNATH,0,10th Pass,1259000.0, 195000,BSP,"Rs 12,59,000 ~ 12 Lacs+",1,0,0,0
636,Motivarash Devendrabhai Dhanjibhai,SOMNATH,0,Graduate,20714000.0, 10580000,IND,"Rs 2,07,14,000 ~ 2 Crore+",1,0,1,1
637,Chudasama Vimalbhai Kanabhai,SOMNATH,1,Graduate,22131827.0, 1263359,INC,"Rs 2,21,31,827 ~ 2 Crore+",1,0,1,1
638,Ishwarlal Kanjibhai Soneri,SOMNATH,0,Graduate Professional,28545100.0, 18018000,IND,"Rs 2,85,45,100 ~ 2 Crore+",1,0,1,1
639,Mansinghbhai Meramanbhai Parmar,SOMNATH,0,Graduate Professional,32698374.0, 15862387,BJP,"Rs 3,26,98,374 ~ 3 Crore+",1,0,1,1
640,Shah Uday Navinbhai,SOMNATH,0,Graduate,35021001.0, 4700000,IND,"Rs 3,50,21,001 ~ 3 Crore+",1,0,1,1
641,Jagmalbhai Jadavbhai Vala,SOMNATH,5,8th Pass,259064900.0, 221938858,AAP,"Rs 25,90,64,900 ~ 25 Crore+",1,1,1,0
642,Samir Fakruddin Shaikh,SURAT EAST,0,8th Pass,6500.0, 0,IND,"Rs 6,500 ~ 6 Thou+",1,0,0,0
643,Mohamad Faiz Mohamad Faruq Mulla,SURAT EAST,1,8th Pass,35000.0, 0,IND,"Rs 35,000 ~ 35 Thou+",1,1,0,0
644,Patel Minhaj Yunusbhai,SURAT EAST,0,12th Pass,59220.0, 0,IND,"Rs 59,220 ~ 59 Thou+",1,0,0,0
645,Nurubhai Shakurbhai Shaikh,SURAT EAST,0,Illiterate,65000.0, 0,IND,"Rs 65,000 ~ 65 Thou+",1,0,0,0
646,Mansur Ahmad Chashmawala,SURAT EAST,0,8th Pass,100400.0, 0,SP,"Rs 1,00,400 ~ 1 Lacs+",1,0,0,0
647,Pathan Riyazkhan Abdulkhan,SURAT EAST,0,8th Pass,128500.0, 0,IND,"Rs 1,28,500 ~ 1 Lacs+",1,0,0,0
648,Karimkhan Rahimkhan Pathan,SURAT EAST,0,Literate,154500.0, 0,Bharatiya Bahujan Congress,"Rs 1,54,500 ~ 1 Lacs+",1,0,0,0
649,Ibrahim Yakub Nagori,SURAT EAST,0,8th Pass,200000.0, 0,IND,"Rs 2,00,000 ~ 2 Lacs+",1,0,0,0
650,Kher Paresh Anandbhai,SURAT EAST,0,8th Pass,225000.0, 30000,IND,"Rs 2,25,000 ~ 2 Lacs+",1,0,0,0
651,Shahabudin Jainudin Malbari,SURAT EAST,2,Literate,238000.0, 0,IND,"Rs 2,38,000 ~ 2 Lacs+",1,1,0,0
652,Abdulsamad Abdulmajid Munshi,SURAT EAST,0,12th Pass,628100.0, 0,BSP,"Rs 6,28,100 ~ 6 Lacs+",1,0,0,0
653,Aslam Firozbhai Cyclewala,SURAT EAST,4,10th Pass,2355000.0, 0,INC,"Rs 23,55,000 ~ 23 Lacs+",1,1,0,0
654,Wasim Ikbalbhai Khokar (Kureshi),SURAT EAST,0,8th Pass,19252662.0, 1761046,All India Majlis-E-Ittehadul Muslimeen,"Rs 1,92,52,662 ~ 1 Crore+",1,0,1,0
655,Arvind Shantilal Rana,SURAT EAST,0,12th Pass,56333105.0, 0,BJP,"Rs 5,63,33,105 ~ 5 Crore+",1,0,1,0
656,Aarjubi Rauf Shah,SURAT NORTH,0,10th Pass,15000.0, 0,IND,"Rs 15,000 ~ 15 Thou+",0,0,0,0
657,Sirajkhan Pathan,SURAT NORTH,0,Illiterate,19000.0, 0,IND,"Rs 19,000 ~ 19 Thou+",1,0,0,0
658,Mohammad Juned Memon,SURAT NORTH,0,Illiterate,24000.0, 0,IND,"Rs 24,000 ~ 24 Thou+",1,0,0,0
659,Mohammad Imtiyaz Yusuf Bhai Shaikh,SURAT NORTH,0,5th Pass,130000.0, 48000,IND,"Rs 1,30,000 ~ 1 Lacs+",1,0,0,0
660,Anish Ahmad Moriswala,SURAT NORTH,0,8th Pass,148600.0, 0,Log Party,"Rs 1,48,600 ~ 1 Lacs+",1,0,0,0
661,Achchha Saeedbhai Yusufbhai,SURAT NORTH,0,5th Pass,607000.0, 975000,BSP,"Rs 6,07,000 ~ 6 Lacs+",1,0,0,0
662,Mahendra Navadiya,SURAT NORTH,2,8th Pass,27322878.0, 0,AAP,"Rs 2,73,22,878 ~ 2 Crore+",1,1,1,0
663,Ashok Patel (Adhevada),SURAT NORTH,1,8th Pass,28832716.0, 3600629,INC,"Rs 2,88,32,716 ~ 2 Crore+",1,0,1,0
664,Kantibhai Himmatbhai Balar,SURAT NORTH,0,Literate,540715015.0, 34942639,BJP,"Rs 54,07,15,015 ~ 54 Crore+",1,0,1,0
665,Vimal Raju Uttpure,SURAT WEST,0,5th Pass,41000.0, 0,BSP,"Rs 41,000 ~ 41 Thou+",0,0,0,0
666,Mohamad Asfaq Iqbal Shekh,SURAT WEST,0,8th Pass,101832.0, 0,IND,"Rs 1,01,832 ~ 1 Lacs+",1,0,0,0
667,Mohammad Umarji Khadakiwala,SURAT WEST,0,8th Pass,295000.0, 0,IND,"Rs 2,95,000 ~ 2 Lacs+",1,0,0,0
668,Farzan Allarakha Meman,SURAT WEST,0,5th Pass,365000.0, 0,IND,"Rs 3,65,000 ~ 3 Lacs+",0,0,0,0
669,Kamalshah Fakir,SURAT WEST,0,5th Pass,440000.0, 0,IND,"Rs 4,40,000 ~ 4 Lacs+",1,0,0,0
670,Mohammed Zakir Nizamuddin Shaikh,SURAT WEST,0,5th Pass,1085000.0, 75000,SP,"Rs 10,85,000 ~ 10 Lacs+",1,0,0,0
671,Sanjay R. Shah (Patva),SURAT WEST,0,8th Pass,3369292.0, 0,INC,"Rs 33,69,292 ~ 33 Lacs+",1,0,0,0
672,Amish Narayanbhai Chunawala,SURAT WEST,0,Graduate,8435000.0, 206000,IND,"Rs 84,35,000 ~ 84 Lacs+",1,0,0,1
673,Moxesh Rameshchandra Sanghavi,SURAT WEST,0,12th Pass,12888247.0, 9909259,AAP,"Rs 1,28,88,247 ~ 1 Crore+",1,0,1,0
674,Purnesh Modi,SURAT WEST,0,Graduate Professional,19838118.0, 3401428,BJP,"Rs 1,98,38,118 ~ 1 Crore+",1,0,1,1
675,Haribhai Rathod,TALAJA,0,10th Pass,62182.0, 0,IND,"Rs 62,182 ~ 62 Thou+",1,0,0,0
676,Karamashi Jabucha,TALAJA,1,8th Pass,266350.0, 0,IND,"Rs 2,66,350 ~ 2 Lacs+",1,0,0,0
677,Kachaliya Nazirbhai,TALAJA,0,5th Pass,915368.0, 0,IND,"Rs 9,15,368 ~ 9 Lacs+",1,0,0,0
678,Anopsinh Gohil,TALAJA,0,Literate,940000.0, 90000,IND,"Rs 9,40,000 ~ 9 Lacs+",1,0,0,0
679,Jayantibhai Makvana,TALAJA,0,8th Pass,1224500.0, 231660,IND,"Rs 12,24,500 ~ 12 Lacs+",1,0,0,0
680,Chauhan Sunilbhai,TALAJA,3,10th Pass,1373400.0, 0,IND,"Rs 13,73,400 ~ 13 Lacs+",1,1,0,0
681,Gautambhai Chauhan,TALAJA,0,10th Pass,4080522.0, 0,BJP,"Rs 40,80,522 ~ 40 Lacs+",1,0,0,0
682,Kanubhai Baraiya,TALAJA,0,Graduate Professional,11084416.0, 430181,INC,"Rs 1,10,84,416 ~ 1 Crore+",1,0,1,1
683,Jilubhai Bhammar,TALAJA,1,Graduate,11215096.0, 3625000,IND,"Rs 1,12,15,096 ~ 1 Crore+",1,0,1,1
684,Laluben Chauhan,TALAJA,0,12th Pass,28739230.0, 2167253,AAP,"Rs 2,87,39,230 ~ 2 Crore+",0,0,1,0
685,Rafai Mahmadsha Ikbalsha,TALALA,0,8th Pass,250000.0, 0,IND,"Rs 2,50,000 ~ 2 Lacs+",1,0,0,0
686,Jayeshbhai Bhagvanbhai Kamaliya,TALALA,0,8th Pass,285000.0, 161000,IND,"Rs 2,85,000 ~ 2 Lacs+",1,0,0,0
687,Daki Jaysukhlal Jadavbhai,TALALA,0,10th Pass,918000.0, 0,IND,"Rs 9,18,000 ~ 9 Lacs+",1,0,0,0
688,Faijal Ibrahimbhai Dhamlot,TALALA,0,12th Pass,1220500.0, 0,IND,"Rs 12,20,500 ~ 12 Lacs+",1,0,0,0
689,Parmar Faridaben Muradbhai,TALALA,0,8th Pass,1645000.0, 0,BSP,"Rs 16,45,000 ~ 16 Lacs+",0,0,0,0
690,Chandpa Karshanbhai Govindbhai,TALALA,0,5th Pass,5040000.0, 435000,IND,"Rs 50,40,000 ~ 50 Lacs+",1,0,0,0
691,Solanki Devendrabhai Kanjibhai,TALALA,0,Graduate Professional,5845748.0, 1760931,AAP,"Rs 58,45,748 ~ 58 Lacs+",1,0,0,1
692,Abdulbhai Ismailbhai Majgul,TALALA,1,5th Pass,6335000.0, 60000,IND,"Rs 63,35,000 ~ 63 Lacs+",1,1,0,0
693,Dodiya Mansingbhai Jesingbhai,TALALA,0,Graduate,74325533.0, 25443049,INC,"Rs 7,43,25,533 ~ 7 Crore+",1,0,1,1
694,Bhagabhai Dhanabhai Barad,TALALA,0,Graduate,124739689.0, 8984847,BJP,"Rs 12,47,39,689 ~ 12 Crore+",1,0,1,1
695,Parmar Shailesh Manubhai,TANKARA,0,12th Pass,175500.0, 0,Vyavastha Parivartan Party,"Rs 1,75,500 ~ 1 Lacs+",1,0,0,0
696,Chanani Mushabhai Abharambhai,TANKARA,0,Illiterate,740000.0, 0,BSP,"Rs 7,40,000 ~ 7 Lacs+",1,0,0,0
697,Sanjay Bhatasana (Patel),TANKARA,0,8th Pass,23895239.0, 22184611,AAP,"Rs 2,38,95,239 ~ 2 Crore+",1,0,1,0
698,Durlabhjibhai Harakhjibhai Dethariya,TANKARA,0,10th Pass,53138832.0, 15127538,BJP,"Rs 5,31,38,832 ~ 5 Crore+",1,0,1,0
699,Kagathara Lalitbhai,TANKARA,0,Graduate,101311764.0, 74639088,INC,"Rs 10,13,11,764 ~ 10 Crore+",1,0,1,1
700,Faimida Yunus Shaikh,UDHNA,0,Illiterate,54000.0, 1772,IND,"Rs 54,000 ~ 54 Thou+",0,0,0,0
701,Ejaz Aslambhai Mistry,UDHNA,0,8th Pass,77000.0, 0,IND,"Rs 77,000 ~ 77 Thou+",1,0,0,0
702,Pathan Badshahkhan Altafkhan,UDHNA,0,12th Pass,225000.0, 0,Bharatiya Bahujan Congress,"Rs 2,25,000 ~ 2 Lacs+",1,0,0,0
703,Ashaben Vinodbhai Mangale,UDHNA,0,5th Pass,245000.0, 0,IND,"Rs 2,45,000 ~ 2 Lacs+",0,0,0,0
704,Shaikh Iqbal Hamid,UDHNA,1,Illiterate,298000.0, 0,IND,"Rs 2,98,000 ~ 2 Lacs+",1,1,0,0
705,Mohammad Baldar Shah,UDHNA,1,5th Pass,800000.0, 0,IND,"Rs 8,00,000 ~ 8 Lacs+",1,0,0,0
706,Mahendrabhai Ravanbhai Patil,UDHNA,1,Graduate,16814826.0, 1328054,AAP,"Rs 1,68,14,826 ~ 1 Crore+",1,1,1,1
707,Suresh Mohan Sonvane,UDHNA,0,10th Pass,17409000.0, 800000,BSP,"Rs 1,74,09,000 ~ 1 Crore+",1,0,1,0
708,Manubhai M. Patel (Fogwa),UDHNA,0,8th Pass,69179013.0, 251550,BJP,"Rs 6,91,79,013 ~ 6 Crore+",1,0,1,0
709,Dhansukhbhai Bhagvatiprasad Rajput,UDHNA,0,12th Pass,163389912.0, 330000,INC,"Rs 16,33,89,912 ~ 16 Crore+",1,0,1,0
710,Vaghat Ravindrabhai Somabhai,UMBERGAON (ST),0,10th Pass,30000.0, 0,Bhartiya Tribal Party,"Rs 30,000 ~ 30 Thou+",1,0,0,0
711,Bochal Hasmukhbhai Ramanbhai,UMBERGAON (ST),0,10th Pass,687063.0, 0,CPI(M),"Rs 6,87,063 ~ 6 Lacs+",1,0,0,0
712,Mohanbhai Raviyabhai Kohkeriya,UMBERGAON (ST),0,10th Pass,4611480.0, 30000,CPI(ML)(L),"Rs 46,11,480 ~ 46 Lacs+",1,0,0,0
713,Ashokbhai Mohanbhai Patel,UMBERGAON (ST),0,12th Pass,6840411.0, 0,AAP,"Rs 68,40,411 ~ 68 Lacs+",1,0,0,0
714,Nareshbhai Vajirbhai Vadvi,UMBERGAON (ST),0,10th Pass,15300000.0, 5300000,INC,"Rs 1,53,00,000 ~ 1 Crore+",1,0,1,0
715,Patkar Ramanlal Nanubhai,UMBERGAON (ST),0,8th Pass,32866468.0, 1500000,BJP,"Rs 3,28,66,468 ~ 3 Crore+",1,0,1,0
716,Panchabhai Damaniya,UNA,0,5th Pass,25000.0, 0,IND,"Rs 25,000 ~ 25 Thou+",1,0,0,0
717,Nilesh Khorashi,UNA,4,Graduate,50000.0, 255000,IND,"Rs 50,000 ~ 50 Thou+",1,1,0,1
718,Vansh Balubhai,UNA,0,5th Pass,160000.0, 0,IND,"Rs 1,60,000 ~ 1 Lacs+",1,0,0,0
719,Shantilal Kidecha,UNA,0,8th Pass,1030000.0, 50000,Rashtriya Samaj Dal (R),"Rs 10,30,000 ~ 10 Lacs+",1,0,0,0
720,Vala Bhanjibhai,UNA,0,8th Pass,1591000.0, 0,IND,"Rs 15,91,000 ~ 15 Lacs+",1,0,0,0
721,Gohil Mansinh,UNA,0,12th Pass,3392743.0, 496000,IND,"Rs 33,92,743 ~ 33 Lacs+",1,0,0,0
722,Ishwar Solanki,UNA,0,12th Pass,4509277.0, 835000,Right to Recall Party,"Rs 45,09,277 ~ 45 Lacs+",1,0,0,0
723,Sejalben Khunt,UNA,0,Post Graduate,15032665.0, 1745111,AAP,"Rs 1,50,32,665 ~ 1 Crore+",0,0,1,1
724,Vansh Punjabhai,UNA,0,12th Pass,37402796.0, 12396957,INC,"Rs 3,74,02,796 ~ 3 Crore+",1,0,1,0
725,Kalubhai Rathod,UNA,1,12th Pass,66739093.0, 16452595,BJP,"Rs 6,67,39,093 ~ 6 Crore+",1,1,1,0
726,Ilyas Yusuf Mansuri,VAGRA,1,5th Pass,61000.0, 0,Bhartiya Tribal Party,"Rs 61,000 ~ 61 Thou+",1,0,0,0
727,Gohil Chetanbhai Chhaganbhai,VAGRA,0,12th Pass,2561000.0, 70000,IND,"Rs 25,61,000 ~ 25 Lacs+",1,0,0,0
728,Ikbal Mohmedbhai Bhomli,VAGRA,0,5th Pass,2939000.0, 0,IND,"Rs 29,39,000 ~ 29 Lacs+",1,0,0,0
729,Jayendrasinh Laxmansinh Raj,VAGRA,1,12th Pass,3010816.0, 0,AAP,"Rs 30,10,816 ~ 30 Lacs+",1,1,0,0
730,Mubarak Ismail Dashu,VAGRA,2,8th Pass,3078332.0, 100000,IND,"Rs 30,78,332 ~ 30 Lacs+",1,1,0,0
731,Kamleshbhai S. Madhiwala,VAGRA,0,Graduate Professional,4409949.0, 0,IND,"Rs 44,09,949 ~ 44 Lacs+",1,0,0,1
732,Talati Mustak Ismail,VAGRA,2,8th Pass,7429202.0, 515000,IND,"Rs 74,29,202 ~ 74 Lacs+",1,1,0,0
733,Suleman Patel,VAGRA,0,10th Pass,51243592.0, 5250000,INC,"Rs 5,12,43,592 ~ 5 Crore+",1,0,1,0
734,Arunsinh Ajitsinh Rana,VAGRA,0,10th Pass,163450840.0, 6126066,BJP,"Rs 16,34,50,840 ~ 16 Crore+",1,0,1,0
735,Kamleshbhai Bharatbhai Yogi,VALSAD,0,10th Pass,27200.0, 0,SP,"Rs 27,200 ~ 27 Thou+",1,0,0,0
736,Rajeshbhai Thakorbhai Gohil,VALSAD,0,8th Pass,506000.0, 0,Bharatiya Republican Paksha,"Rs 5,06,000 ~ 5 Lacs+",1,0,0,0
737,Rajeshbhai Mangubhai Patel,VALSAD,3,5th Pass,4016726.0, 432825,AAP,"Rs 40,16,726 ~ 40 Lacs+",1,1,0,0
738,Hemantkumar Gopalbhai Tandel,VALSAD,0,Others,7768838.0, 0,Rashtriya Samaj Paksha,"Rs 77,68,838 ~ 77 Lacs+",1,0,0,0
739,Mahesh Vinayakray Acharya,VALSAD,0,Graduate Professional,29683260.0, 300000,Praja Vijay Paksh,"Rs 2,96,83,260 ~ 2 Crore+",1,0,1,1
740,Bharatbhai Kikubhai Patel,VALSAD,0,Post Graduate,31404528.0, 538758,BJP,"Rs 3,14,04,528 ~ 3 Crore+",1,0,1,1
741,Kamalbhai Shantilal Patel,VALSAD,1,8th Pass,36299790.0, 7100000,INC,"Rs 3,62,99,790 ~ 3 Crore+",1,0,1,0
742,Alpeshkumar Chhotubhai Patel,VANSDA (ST),0,10th Pass,25000.0, 0,Bahujan Republican Socialist Party,"Rs 25,000 ~ 25 Thou+",1,0,0,0
743,Manakbhai Jatrubhai Sanakar,VANSDA (ST),0,10th Pass,30000.0, 0,BSP,"Rs 30,000 ~ 30 Thou+",1,0,0,0
744,Pankajbhai Chandubhai Patel,VANSDA (ST),0,12th Pass,4435000.0, 1351003,AAP,"Rs 44,35,000 ~ 44 Lacs+",1,0,0,0
745,Piyushkumar Kantilal Patel,VANSDA (ST),0,Post Graduate,16446679.0, 4486205,BJP,"Rs 1,64,46,679 ~ 1 Crore+",1,0,1,1
746,Anantkumar Hasmukhbhai Patel,VANSDA (ST),5,Post Graduate,19821514.0, 1275000,INC,"Rs 1,98,21,514 ~ 1 Crore+",1,1,1,1
747,Mahajan Pratibhaben Pankajbhai,VARACHHA ROAD,0,12th Pass,130000.0, 0,Sardar Vallabhbhai Patel Party,"Rs 1,30,000 ~ 1 Lacs+",0,0,0,0
748,Pyarelal Bharti,VARACHHA ROAD,0,10th Pass,390480.0, 13332,BSP,"Rs 3,90,480 ~ 3 Lacs+",1,0,0,0
749,Alpesh Kathiriya,VARACHHA ROAD,13,Graduate,1114216.0, 0,AAP,"Rs 11,14,216 ~ 11 Lacs+",1,1,0,1
750,Prafulbhai Togadiya (Papanbhai),VARACHHA ROAD,0,5th Pass,12095170.0, 1337520,INC,"Rs 1,20,95,170 ~ 1 Crore+",1,0,1,0
751,Kishor Kanani (Kumar),VARACHHA ROAD,0,8th Pass,13489258.0, 1025000,BJP,"Rs 1,34,89,258 ~ 1 Crore+",1,0,1,0
752,Ikbalbhai Habibbhai Sama,VISAVADAR,0,10th Pass,208961.0, 0,IND,"Rs 2,08,961 ~ 2 Lacs+",1,0,0,0
753,Vaghela Mansukhbhai Nathabhai,VISAVADAR,0,8th Pass,639000.0, 0,BSP,"Rs 6,39,000 ~ 6 Lacs+",1,0,0,0
754,Bhupendrabhai Gandubhai Bhayani,VISAVADAR,1,10th Pass,6497524.0, 1365762,AAP,"Rs 64,97,524 ~ 64 Lacs+",1,1,0,0
755,Harshadkumar Madhavjibhai Ribadiya,VISAVADAR,0,10th Pass,19957034.0, 2397376,BJP,"Rs 1,99,57,034 ~ 1 Crore+",1,0,1,0
756,Karashanbhai Naranbhai Vadadoriya,VISAVADAR,0,Graduate,21784929.0, 1000000,INC,"Rs 2,17,84,929 ~ 2 Crore+",1,0,1,1
757,Rakeshbhai Sureshbhai Gamit,VYARA (ST),0,8th Pass,1000.0, 0,BSP,"Rs 1,000 ~ 1 Thou+",1,0,0,0
758,Jimikumar Rajenbhai Patel,VYARA (ST),0,Graduate Professional,56000.0, 0,IND,"Rs 56,000 ~ 56 Thou+",1,0,0,1
759,Umedbhai Bhimsingbhai Gamit,VYARA (ST),0,8th Pass,240000.0, 0,IND,"Rs 2,40,000 ~ 2 Lacs+",1,0,0,0
760,Sunilbhai Nagajibhai Gamit,VYARA (ST),0,Graduate Professional,1000000.0, 0,Bhartiya Tribal Party,"Rs 10,00,000 ~ 10 Lacs+",1,0,0,1
761,Kokani Mohanbhai Dhedabhai,VYARA (ST),0,Post Graduate,1856590.0, 0,BJP,"Rs 18,56,590 ~ 18 Lacs+",1,0,0,1
762,Bipinchandra Khushalbhai Chaudhari,VYARA (ST),0,Post Graduate,4972861.0, 6100000,AAP,"Rs 49,72,861 ~ 49 Lacs+",1,0,0,1
763,Gamit Punabhai Dhedabhai,VYARA (ST),0,5th Pass,9660309.0, 2045827,INC,"Rs 96,60,309 ~ 96 Lacs+",1,0,0,0
764,Satrotiya Vinodbhai Babubhai,WADHWAN,0,8th Pass,50000.0, 0,IND,"Rs 50,000 ~ 50 Thou+",1,0,0,0
765,Satvara Chohan Jayesh Laljibhai Patrakar,WADHWAN,0,5th Pass,74500.0, 0,Vyavastha Parivartan Party,"Rs 74,500 ~ 74 Thou+",1,0,0,0
766,Katiya Salimbhai Harunbhai,WADHWAN,0,Literate,148100.0, 0,IND,"Rs 1,48,100 ~ 1 Lacs+",1,0,0,0
767,Chavda Nileshbhai Mansukhbhai,WADHWAN,0,10th Pass,167000.0, 0,Rashtra Nirman Party,"Rs 1,67,000 ~ 1 Lacs+",1,0,0,0
768,Vaghela Tulshibhai Shivabhai,WADHWAN,0,10th Pass,1575000.0, 700000,IND,"Rs 15,75,000 ~ 15 Lacs+",1,0,0,0
769,Bhavanbhai Devjibhai Vora,WADHWAN,0,Graduate,2122000.0, 0,IND,"Rs 21,22,000 ~ 21 Lacs+",1,0,0,1
770,Parmar Balvantray Lagharbhai,WADHWAN,0,Graduate,2695894.0, 66000,IND,"Rs 26,95,894 ~ 26 Lacs+",1,0,0,1
771,Solanki Pravinbhai Motibhai,WADHWAN,0,5th Pass,3065500.0, 25000,BSP,"Rs 30,65,500 ~ 30 Lacs+",1,0,0,0
772,Jagdishbhai Prabhubhai Makwana,WADHWAN,0,Graduate,15222987.0, 1450000,BJP,"Rs 1,52,22,987 ~ 1 Crore+",1,0,1,1
773,Gadhvi Tarunbhai Biharidan,WADHWAN,0,12th Pass,15493465.0, 0,INC,"Rs 1,54,93,465 ~ 1 Crore+",1,0,1,0
774,Hitendrakumar Bhagvanajibhai Patel,WADHWAN,1,Others,23940000.0, 7000000,AAP,"Rs 2,39,40,000 ~ 2 Crore+",1,1,1,0
775,Merambhai Karmanbhai Varu,WANKANER,0,8th Pass,47000.0, 0,IND,"Rs 47,000 ~ 47 Thou+",1,0,0,0
776,Ajadia Prakash Naranbhai,WANKANER,0,Graduate Professional,65000.0, 0,Rashtriya Jankranti Party,"Rs 65,000 ~ 65 Thou+",1,0,0,1
777,Vallabhbhai Karsanbhai Vaghela,WANKANER,0,Illiterate,131000.0, 0,IND,"Rs 1,31,000 ~ 1 Lacs+",1,0,0,0
778,Narendra Virabhai Dengada,WANKANER,0,8th Pass,150000.0, 0,IND,"Rs 1,50,000 ~ 1 Lacs+",1,0,0,0
779,Vikram Sorani,WANKANER,0,8th Pass,450000.0, 20831,AAP,"Rs 4,50,000 ~ 4 Lacs+",1,0,0,0
780,Jeeteshbhai Rupabhai Santola,WANKANER,0,Graduate,487180.0, 208250,IND,"Rs 4,87,180 ~ 4 Lacs+",1,0,0,1
781,Bhupendra Kanubhai Sagthiya,WANKANER,0,8th Pass,680000.0, 0,BSP,"Rs 6,80,000 ~ 6 Lacs+",1,0,0,0
782,Rameshbhai Lavajibhai Dabhi,WANKANER,1,Illiterate,746000.0, 0,IND,"Rs 7,46,000 ~ 7 Lacs+",1,0,0,0
783,Navinbhai Amrutbhai Vora,WANKANER,0,8th Pass,1148000.0, 0,IND,"Rs 11,48,000 ~ 11 Lacs+",1,0,0,0
784,Hinaben Pravinbhai Raiyani,WANKANER,0,5th Pass,1739000.0, 1300000,IND,"Rs 17,39,000 ~ 17 Lacs+",0,0,0,0
785,Mahebubbhai Jamalbhai Piparavaiya,WANKANER,0,8th Pass,5677000.0, 268000,IND,"Rs 56,77,000 ~ 56 Lacs+",1,0,0,0
786,Mahmadjavid Abdulmutlib Pirzada,WANKANER,0,Graduate Professional,8508513.0, 16000,INC,"Rs 85,08,513 ~ 85 Lacs+",1,0,0,1
787,Jitendra Kantilal Somani,WANKANER,1,5th Pass,37285320.0, 0,BJP,"Rs 3,72,85,320 ~ 3 Crore+",1,1,1,0
